application_for,open_date_year,response_rate_met,ballots_cast,ballots_distributed,poll_result,open_date,ballot_return_rate,ballot_in_favour_rate
Front Yard Parking,2015,Yes,18,34,In Favour,2015-05-01,0.5294,0.9412
Front Yard Parking,2015,Yes,30,36,In Favour,2015-05-04,0.8333,1
Front Yard Parking,2015,Yes,43,97,In Favour,2015-05-12,0.4433,0.925
Traffic Calming,2015,No,137,334,Response Rate Not Met,2015-05-06,0.4102,0.7652
Boulevard Cafe,2015,Yes,30,106,In Favour,2015-05-06,0.283,0.6552
Traffic Calming,2015,No,63,235,Response Rate Not Met,2015-05-13,0.2681,0.6774
Commercial Boulevard Parking,2015,No,26,235,Response Rate Not Met,2015-05-11,0.1106,0.5417
Appeal - Front Yard Parking,2015,Yes,35,109,In Favour,2015-05-28,0.3211,0.9667
Traffic Calming,2015,No,101,340,Response Rate Not Met,2015-09-14,0.2971,0.6197
Front Yard Parking,2015,Yes,48,80,In Favour,2015-05-25,0.6,0.9362
Front Yard Parking,2015,Yes,36,73,In Favour,2015-05-20,0.4932,1
Traffic Calming,2015,Yes,24,43,In Favour,2015-05-21,0.5581,0.7917
Traffic Calming,2015,Yes,55,78,In Favour,2015-05-25,0.7051,0.8545
Boulevard Cafe,2015,No,3,16,Response Rate Not Met,2015-05-27,0.1875,0
Traffic Calming,2015,Yes,54,90,In Favour,2015-05-26,0.6,0.8113
Traffic Calming,2015,Yes,82,138,In Favour,2015-06-01,0.5942,0.8289
Traffic Calming,2015,Yes,134,271,In Favour,2015-05-28,0.4945,0.75
Traffic Calming,2015,No,87,261,Response Rate Not Met,2015-05-28,0.3333,0.7326
Traffic Calming,2015,Yes,68,138,In Favour,2015-06-01,0.4928,0.7213
Boulevard Cafe,2015,No,1,24,Response Rate Not Met,2015-06-01,0.0417,1
Traffic Calming,2015,No,2,11,Response Rate Not Met,2015-06-01,0.1818,0.5
Boulevard Cafe,2015,No,31,151,Response Rate Not Met,2015-06-08,0.2053,0.6207
Boulevard Cafe,2015,Yes,27,92,In Favour,2015-06-08,0.2935,0.9545
Boulevard Cafe,2015,Yes,30,76,In Favour,2015-06-10,0.3947,0.9583
Boulevard Cafe,2015,Yes,50,146,In Favour,2015-06-08,0.3425,0.9375
Appeal - Front Yard Parking,2015,Yes,25,59,In Favour,2015-06-11,0.4237,1
Appeal - Front Yard Parking,2015,Yes,29,75,Opposed,2015-06-11,0.3867,0.4074
Appeal - Front Yard Parking,2015,Yes,41,87,In Favour,2015-06-15,0.4713,0.9444
Appeal - Front Yard Parking,2015,Yes,41,59,In Favour,2015-06-15,0.6949,0.9737
Appeal - Front Yard Parking,2015,Yes,31,65,In Favour,2015-06-16,0.4769,0.84
Appeal - Front Yard Parking,2015,Yes,56,113,In Favour,2015-06-16,0.4956,0.6596
Boulevard Cafe,2015,No,0,22,Response Rate Not Met,2015-06-16,0,NA
Traffic Calming,2015,No,39,100,Response Rate Not Met,2015-06-10,0.39,0.5
Traffic Calming,2015,Yes,34,54,In Favour,2015-06-17,0.6296,0.7097
Front Yard Parking,2015,Yes,17,29,In Favour,2015-06-24,0.5862,1
Boulevard Cafe,2015,Yes,26,66,Opposed,2015-06-17,0.3939,0.5556
Boulevard Cafe,2015,No,0,18,Response Rate Not Met,2015-06-18,0,NA
Boulevard Cafe,2015,Yes,35,43,In Favour,2015-06-23,0.814,0.9697
Appeal - Front Yard Parking,2015,Yes,33,67,Opposed,2015-06-29,0.4925,0.1481
Appeal - Front Yard Parking,2015,Yes,20,40,In Favour,2015-06-25,0.5,1
Appeal - Front Yard Parking,2015,Yes,47,84,In Favour,2015-06-29,0.5595,0.8684
Appeal - Front Yard Parking,2015,Yes,48,127,In Favour,2015-06-25,0.378,0.7619
Traffic Calming,2015,No,36,86,Response Rate Not Met,2015-07-15,0.4186,0.8571
Appeal - Front Yard Parking,2015,Yes,27,101,In Favour,2015-06-29,0.2673,0.9091
Appeal - Front Yard Parking,2015,Yes,24,56,In Favour,2015-06-30,0.4286,0.9091
Appeal - Front Yard Parking,2015,Yes,26,30,In Favour,2015-07-02,0.8667,0.9231
Appeal - Front Yard Parking,2015,Yes,48,77,In Favour,2015-07-02,0.6234,0.9574
Front Yard Parking,2015,Yes,29,94,In Favour,2015-07-07,0.3085,0.9091
Boulevard Cafe,2015,Yes,28,98,In Favour,2015-07-07,0.2857,0.7692
Boulevard Cafe,2015,Yes,30,65,Opposed,2015-07-08,0.4615,0.0345
Appeal - Front Yard Parking,2015,Yes,42,99,In Favour,2015-07-09,0.4242,0.9211
Appeal - Front Yard Parking,2015,Yes,19,34,In Favour,2015-07-13,0.5588,0.75
Traffic Calming,2015,No,6,56,Response Rate Not Met,2015-07-20,0.1071,0.8333
Traffic Calming,2015,No,40,106,Response Rate Not Met,2015-07-23,0.3774,0.5135
Boulevard Cafe,2015,Yes,104,315,In Favour,2015-07-23,0.3302,0.6
Traffic Calming,2015,Yes,215,358,In Favour,2015-07-23,0.6006,0.8095
Front Yard Parking,2015,Yes,54,97,In Favour,2015-07-27,0.5567,0.92
Traffic Calming,2015,No,37,86,Response Rate Not Met,2015-07-28,0.4302,0.5588
Traffic Calming,2015,Yes,44,69,In Favour,2015-07-27,0.6377,0.6512
Traffic Calming,2015,Yes,59,75,Opposed,2015-07-28,0.7867,0.5536
Boulevard Cafe,2015,No,21,134,Response Rate Not Met,2015-07-28,0.1567,0.6667
Front Yard Parking,2015,Yes,22,53,In Favour,2015-07-28,0.4151,0.6667
Front Yard Parking,2015,Yes,20,51,In Favour,2015-07-27,0.3922,0.7368
Traffic Calming,2015,No,90,314,Response Rate Not Met,2015-08-04,0.2866,0.7692
Appeal - Front Yard Parking,2015,Yes,54,154,In Favour,2015-07-30,0.3506,0.8936
Appeal - Front Yard Parking,2015,Yes,68,107,In Favour,2015-08-06,0.6355,0.8
Front Yard Parking,2015,Yes,14,41,In Favour,2015-08-06,0.3415,1
Appeal - Front Yard Parking,2015,Yes,45,74,In Favour,2015-08-10,0.6081,0.6667
Appeal - Front Yard Parking,2015,Yes,76,148,Opposed,2015-08-13,0.5135,0.5352
Appeal - Front Yard Parking,2015,Yes,60,97,In Favour,2015-08-10,0.6186,1
Proposed Business Improvement Area,2015,Yes,14,36,In Favour,2015-08-17,0.3889,0.7857
Permit Parking,2015,Yes,8,11,In Favour,2015-08-13,0.7273,0.625
Boulevard Cafe,2015,Yes,35,93,Opposed,2015-08-24,0.3763,0.3438
Appeal - Front Yard Parking,2015,Yes,51,101,In Favour,2015-09-02,0.505,0.6818
Appeal - Front Yard Parking,2015,Yes,54,111,In Favour,2015-09-02,0.4865,0.96
Appeal - Front Yard Parking,2015,Yes,15,46,In Favour,2015-09-02,0.3261,1
Appeal - Front Yard Parking,2015,Yes,27,35,In Favour,2015-09-03,0.7714,1
Appeal - Front Yard Parking,2015,Yes,70,115,In Favour,2015-09-02,0.6087,1
Appeal - Front Yard Parking,2015,Yes,38,123,In Favour,2015-09-03,0.3089,0.7838
Appeal - Front Yard Parking,2015,Yes,12,35,In Favour,2015-09-03,0.3429,0.6667
Front Yard Parking,2015,Yes,24,33,In Favour,2015-09-03,0.7273,0.7143
Front Yard Parking,2015,Yes,21,32,In Favour,2015-09-08,0.6562,1
Front Yard Parking,2015,Yes,20,52,In Favour,2015-09-08,0.3846,1
Front Yard Parking,2015,Yes,24,38,In Favour,2015-09-08,0.6316,0.95
Traffic Calming,2015,No,150,319,Response Rate Not Met,2015-09-15,0.4702,0.85
Permit Parking,2015,No,60,294,Response Rate Not Met,2015-09-16,0.2041,0.5
Appeal - Front Yard Parking,2015,Yes,25,49,In Favour,2015-09-21,0.5102,1
Front Yard Parking,2015,Yes,23,68,In Favour,2015-09-17,0.3382,1
Appeal - Front Yard Parking,2015,Yes,46,95,In Favour,2015-09-22,0.4842,0.825
Front Yard Parking,2015,Yes,45,74,In Favour,2015-09-17,0.6081,1
Front Yard Parking,2015,Yes,38,78,In Favour,2015-09-29,0.4872,1
Appeal - Front Yard Parking,2015,Yes,37,85,In Favour,2015-09-23,0.4353,0.9032
Commercial Boulevard Parking,2015,No,11,86,Response Rate Not Met,2015-09-30,0.1279,0.5
Commercial Boulevard Parking,2015,Yes,11,28,Opposed,2015-09-24,0.3929,0.4545
Commercial Boulevard Parking,2015,No,10,85,Response Rate Not Met,2015-10-01,0.1176,0.4
Front Yard Parking,2015,Yes,49,103,In Favour,2015-09-24,0.4757,0.8478
Front Yard Parking,2015,Yes,13,28,In Favour,2015-09-28,0.4643,1
Front Yard Parking,2015,Yes,32,114,In Favour,2015-09-28,0.2807,0.9677
Front Yard Parking,2015,Yes,30,65,In Favour,2015-09-29,0.4615,0.875
Front Yard Parking,2015,No,34,153,Response Rate Not Met,2015-09-29,0.2222,0.7576
Front Yard Parking,2015,Yes,54,102,In Favour,2015-10-01,0.5294,1
Traffic Calming,2015,No,88,205,Response Rate Not Met,2015-10-06,0.4293,0.8429
Front Yard Parking,2015,Yes,63,100,In Favour,2015-10-14,0.63,0.9643
Front Yard Parking,2015,Yes,47,100,In Favour,2015-10-15,0.47,1
Front Yard Parking,2015,Yes,17,39,In Favour,2015-10-19,0.4359,1
Front Yard Parking,2015,Yes,46,144,In Favour,2015-10-14,0.3194,0.8667
Front Yard Parking,2015,Yes,21,46,In Favour,2015-10-15,0.4565,1
Front Yard Parking,2015,Yes,24,37,In Favour,2015-10-15,0.6486,1
Appeal - Front Yard Parking,2015,Yes,22,29,In Favour,2015-10-22,0.7586,0.8636
Appeal - Front Yard Parking,2015,Yes,39,84,In Favour,2015-10-22,0.4643,0.7931
Appeal - Front Yard Parking,2015,Yes,23,48,Opposed,2015-10-26,0.4792,0.2609
Appeal - Front Yard Parking,2015,Yes,66,147,In Favour,2015-10-26,0.449,0.8113
Appeal - Front Yard Parking,2015,Yes,15,47,In Favour,2015-10-28,0.3191,1
Appeal - Front Yard Parking,2015,Yes,19,42,In Favour,2015-10-27,0.4524,1
Proposed Business Improvement Area,2015,Yes,20,62,In Favour,2015-11-30,0.3226,0.9
Traffic Calming,2015,No,302,1637,Response Rate Not Met,2015-11-16,0.1845,0.834
Traffic Calming,2015,No,137,451,Response Rate Not Met,2015-11-05,0.3038,0.3636
Front Yard Parking,2015,Yes,31,50,In Favour,2015-11-02,0.62,1
Front Yard Parking,2015,Yes,32,91,In Favour,2015-11-02,0.3516,1
Front Yard Parking,2015,Yes,44,146,In Favour,2015-11-05,0.3014,0.7222
Appeal - Front Yard Parking,2015,Yes,36,60,In Favour,2015-11-02,0.6,0.8929
Traffic Calming,2015,No,360,1312,Response Rate Not Met,2015-11-10,0.2744,0.5706
Traffic Calming,2015,No,105,764,Response Rate Not Met,2015-11-23,0.1374,0.7158
Traffic Calming,2015,No,34,83,Response Rate Not Met,2015-11-17,0.4096,0.8276
Traffic Calming,2015,Yes,23,34,In Favour,2015-11-12,0.6765,0.8571
Front Yard Parking,2015,Yes,32,62,In Favour,2015-11-23,0.5161,1
Front Yard Parking,2015,Yes,42,79,In Favour,2015-11-23,0.5316,0.9722
Traffic Calming,2015,No,108,270,Response Rate Not Met,2015-11-25,0.4,0.7358
Boulevard Cafe,2015,Yes,37,81,Opposed,2015-11-25,0.4568,0.0278
Traffic Calming,2016,Yes,206,305,Opposed,2016-01-18,0.6754,0.5508
Traffic Calming,2016,Yes,122,189,In Favour,2016-01-18,0.6455,0.8571
Traffic Calming,2016,Yes,199,297,Opposed,2016-01-18,0.67,0.4541
Traffic Calming,2015,No,301,1652,Response Rate Not Met,2015-12-07,0.1822,0.6544
Traffic Calming,2015,Yes,47,87,In Favour,2015-12-08,0.5402,0.7727
Boulevard Cafe,2015,No,6,82,Response Rate Not Met,2015-12-07,0.0732,0.75
Permit Parking,2015,Yes,22,53,Opposed,2015-12-07,0.4151,0.4091
Traffic Calming,2016,Yes,66,106,Opposed,2016-01-18,0.6226,0.6271
Appeal - Front Yard Parking,2016,Yes,23,77,In Favour,2016-01-07,0.2987,1
Front Yard Parking,2016,Yes,44,87,In Favour,2016-01-07,0.5057,1
Front Yard Parking,2016,Yes,41,105,In Favour,2016-01-11,0.3905,0.95
Front Yard Parking,2016,Yes,11,22,In Favour,2016-01-11,0.5,0.6364
Appeal - Front Yard Parking,2016,Yes,30,81,In Favour,2016-01-12,0.3704,0.8667
Appeal - Front Yard Parking,2016,Yes,33,110,In Favour,2016-01-12,0.3,0.9231
Appeal - Front Yard Parking,2016,Yes,60,141,In Favour,2016-01-12,0.4255,0.7719
Appeal - Front Yard Parking,2016,Yes,30,88,In Favour,2016-01-13,0.3409,0.931
Permit Parking,2016,No,21,101,Response Rate Not Met,2016-01-13,0.2079,0.4762
Permit Parking,2016,Yes,48,90,Opposed,2016-01-18,0.5333,0.4583
Permit Parking,2016,Yes,36,89,Opposed,2016-01-20,0.4045,0.3611
Front Yard Parking,2016,Yes,45,84,In Favour,2016-01-19,0.5357,1
Front Yard Parking,2016,Yes,29,46,In Favour,2016-01-19,0.6304,0.9655
Appeal - Front Yard Parking,2016,Yes,39,130,In Favour,2016-01-20,0.3,0.6667
Traffic Calming,2016,Yes,51,87,In Favour,2016-01-21,0.5862,0.7143
Appeal - Front Yard Parking,2016,Yes,26,58,In Favour,2016-01-25,0.4483,0.9565
Appeal - Front Yard Parking,2016,Yes,14,21,In Favour,2016-01-25,0.6667,1
Appeal - Front Yard Parking,2016,Yes,17,26,In Favour,2016-01-19,0.6538,1
Appeal - Front Yard Parking,2016,Yes,34,62,In Favour,2016-01-19,0.5484,0.7812
Front Yard Parking,2016,Yes,78,140,In Favour,2016-01-18,0.5571,0.8507
Appeal - Front Yard Parking,2016,Yes,34,85,In Favour,2016-01-21,0.4,0.9706
Appeal - Front Yard Parking,2016,Yes,18,62,In Favour,2016-01-21,0.2903,0.9412
Permit Parking,2016,Yes,25,60,Opposed,2016-01-28,0.4167,0.4167
Front Yard Parking,2016,Yes,46,117,In Favour,2016-01-28,0.3932,0.9024
Front Yard Parking,2016,Yes,66,125,In Favour,2016-02-01,0.528,0.7143
Front Yard Parking,2016,Yes,40,109,In Favour,2016-01-28,0.367,1
Appeal - Front Yard Parking,2016,Yes,45,77,In Favour,2016-01-28,0.5844,0.9524
Traffic Calming,2016,No,60,130,Response Rate Not Met,2016-02-08,0.4615,0.8448
Boulevard Cafe,2016,Yes,55,114,In Favour,2016-02-11,0.4825,0.6792
Appeal - Front Yard Parking,2016,Yes,66,131,In Favour,2016-02-11,0.5038,0.6552
Appeal - Front Yard Parking,2016,Yes,18,53,In Favour,2016-02-11,0.3396,0.9444
Appeal - Front Yard Parking,2016,Yes,48,136,In Favour,2016-02-16,0.3529,0.5435
Appeal - Front Yard Parking,2016,Yes,28,61,In Favour,2016-02-16,0.459,0.72
Appeal - Front Yard Parking,2016,Yes,44,108,In Favour,2016-02-17,0.4074,0.65
Appeal - Front Yard Parking,2016,Yes,39,116,In Favour,2016-02-16,0.3362,0.9143
Front Yard Parking,2016,Yes,55,79,In Favour,2016-02-22,0.6962,0.9565
Permit Parking,2016,Yes,9,23,Opposed,2016-02-17,0.3913,0
Permit Parking,2016,Yes,66,150,In Favour,2016-02-17,0.44,0.6923
Traffic Calming,2016,No,53,138,Response Rate Not Met,2016-02-18,0.3841,0.75
Appeal - Front Yard Parking,2016,Yes,28,69,In Favour,2016-02-22,0.4058,0.875
Permit Parking,2016,No,258,1847,Response Rate Not Met,2016-03-07,0.1397,0.6274
Traffic Calming,2016,No,46,143,Response Rate Not Met,2016-02-29,0.3217,0.4048
Traffic Calming,2016,No,130,495,Response Rate Not Met,2016-03-03,0.2626,0.6346
Front Yard Parking,2016,Yes,15,23,In Favour,2016-02-22,0.6522,1
Traffic Calming,2016,No,971,2424,Response Rate Not Met,2016-03-02,0.4006,0.5839
Front Yard Parking,2016,Yes,87,159,In Favour,2016-03-09,0.5472,0.9878
Commercial Boulevard Parking,2016,No,6,45,Response Rate Not Met,2016-05-19,0.1333,0.25
Commercial Boulevard Parking,2016,No,1,46,Response Rate Not Met,2016-03-09,0.0217,NA
Front Yard Parking,2016,Yes,49,82,In Favour,2016-03-08,0.5976,0.9556
Front Yard Parking,2016,Yes,46,73,In Favour,2016-03-08,0.6301,0.8864
Boulevard Cafe,2016,No,10,51,Response Rate Not Met,2016-03-07,0.1961,0.375
Appeal - Front Yard Parking,2016,Yes,53,117,Opposed,2016-03-10,0.453,0.5192
Boulevard Cafe,2016,Yes,57,99,In Favour,2016-03-17,0.5758,0.7115
Appeal - Front Yard Parking,2016,Yes,48,115,In Favour,2016-03-23,0.4174,0.7442
Appeal - Front Yard Parking,2016,Yes,49,145,In Favour,2016-03-17,0.3379,0.6
Front Yard Parking,2016,Yes,30,68,In Favour,2016-03-21,0.4412,0.8929
Boulevard Cafe,2016,No,24,129,Response Rate Not Met,2016-03-24,0.186,0.7368
Traffic Calming,2016,No,55,116,Response Rate Not Met,2016-03-29,0.4741,0.9583
Appeal - Front Yard Parking,2016,Yes,34,58,Opposed,2016-04-05,0.5862,0.1875
Front Yard Parking,2016,Yes,14,28,In Favour,2016-04-05,0.5,1
Appeal - Front Yard Parking,2016,Yes,99,253,In Favour,2016-04-18,0.3913,0.9775
Appeal - Front Yard Parking,2016,Yes,64,151,In Favour,2016-04-13,0.4238,0.8548
Boulevard Cafe,2016,No,15,95,Response Rate Not Met,2016-05-31,0.1579,0.6667
Traffic Calming – Island,2016,No,18,63,Response Rate Not Met,2016-04-18,0.2857,0.8889
Front Yard Parking,2016,Yes,46,83,In Favour,2016-04-18,0.5542,0.85
Appeal - Front Yard Parking,2016,Yes,23,37,Opposed,2016-04-13,0.6216,0.3478
Appeal - Front Yard Parking,2016,Yes,39,138,In Favour,2016-04-25,0.2826,0.697
Appeal - Front Yard Parking,2016,Yes,48,80,Opposed,2016-04-14,0.6,0.2791
Appeal - Front Yard Parking,2016,Yes,36,85,In Favour,2016-04-20,0.4235,0.7059
Front Yard Parking,2016,Yes,54,86,In Favour,2016-04-20,0.6279,0.92
Front Yard Parking,2016,Yes,63,96,In Favour,2016-04-26,0.6562,0.9643
Boulevard Cafe,2016,Yes,37,131,Opposed,2016-04-27,0.2824,0.4722
Appeal - Front Yard Parking,2016,Yes,16,66,In Favour,2016-04-21,0.2424,0.7333
Boulevard Cafe,2016,No,14,104,Response Rate Not Met,2016-04-25,0.1346,1
Boulevard Cafe,2016,Yes,27,76,Opposed,2016-04-28,0.3553,0.2963
Boulevard Cafe,2016,Yes,12,44,In Favour,2016-04-26,0.2727,0.9
Proposed Business Improvement Area,2016,Yes,8,29,In Favour,2016-05-13,0.2759,0.75
Front Yard Parking,2016,Yes,36,61,In Favour,2016-04-27,0.5902,0.8333
Front Yard Parking,2016,Yes,60,126,In Favour,2016-04-27,0.4762,0.9286
Appeal - Front Yard Parking,2016,Yes,29,98,In Favour,2016-04-28,0.2959,0.7241
Traffic Calming,2016,Yes,16,25,In Favour,2016-05-02,0.64,0.8
Boulevard Cafe,2016,No,2,39,Response Rate Not Met,2016-05-03,0.0513,1
Traffic Calming,2016,No,25,51,Response Rate Not Met,2016-05-05,0.4902,0.84
Front Yard Parking,2016,Yes,64,153,In Favour,2016-05-16,0.4183,1
Appeal - Front Yard Parking,2016,Yes,41,69,In Favour,2016-05-11,0.5942,0.8
Appeal - Front Yard Parking,2016,Yes,14,51,In Favour,2016-05-12,0.2745,1
Appeal - Front Yard Parking,2016,Yes,67,149,In Favour,2016-05-12,0.4497,0.9104
Appeal - Front Yard Parking,2016,Yes,73,117,In Favour,2016-05-17,0.6239,0.9275
Appeal - Front Yard Parking,2016,Yes,76,117,In Favour,2016-05-17,0.6496,0.9306
Boulevard Cafe,2016,Yes,23,63,Opposed,2016-06-06,0.3651,0.1739
Traffic Calming,2016,No,73,166,Response Rate Not Met,2016-05-19,0.4398,0.7794
Front Yard Parking,2016,Yes,74,212,In Favour,2016-05-24,0.3491,0.8906
Traffic Calming,2016,Yes,88,140,Opposed,2016-05-25,0.6286,0.625
Traffic Calming,2016,Yes,39,63,In Favour,2016-05-26,0.619,0.9412
Front Yard Parking,2016,Yes,37,67,In Favour,2016-05-30,0.5522,0.8919
Appeal - Front Yard Parking,2016,Yes,26,51,In Favour,2016-05-31,0.5098,0.913
Appeal - Front Yard Parking,2016,Yes,58,89,In Favour,2016-05-31,0.6517,0.898
Front Yard Parking,2016,Yes,24,29,In Favour,2016-06-01,0.8276,0.9091
Appeal - Front Yard Parking,2016,Yes,17,35,In Favour,2016-06-01,0.4857,0.6667
Permit Parking,2016,Yes,4,6,Opposed,2016-05-31,0.6667,1
Traffic Calming,2016,No,25,116,Response Rate Not Met,2016-06-06,0.2155,0.72
Traffic Calming,2016,No,77,175,Response Rate Not Met,2016-09-06,0.44,0.8028
Front Yard Parking,2016,Yes,41,93,In Favour,2016-06-06,0.4409,0.9756
Boulevard Cafe,2016,Yes,16,47,Opposed,2016-09-08,0.3404,0.1333
Appeal - Front Yard Parking,2016,Yes,19,23,In Favour,2016-06-29,0.8261,0.7647
Front Yard Parking,2016,Yes,43,45,In Favour,2016-06-13,0.9556,0.9762
Boulevard Cafe,2016,Yes,61,143,In Favour,2016-06-08,0.4266,0.6786
Boulevard Cafe,2016,No,29,149,Response Rate Not Met,2016-06-15,0.1946,0.5185
Boulevard Cafe,2016,Yes,9,34,In Favour,2016-06-20,0.2647,1
Boulevard Cafe,2016,Yes,20,71,In Favour,2016-06-30,0.2817,0.8889
Appeal - Front Yard Parking,2016,Yes,33,95,In Favour,2016-06-22,0.3474,1
Front Yard Parking,2016,Yes,96,119,In Favour,2016-06-23,0.8067,0.977
Front Yard Parking,2016,Yes,56,114,Opposed,2016-06-20,0.4912,0.5306
Appeal - Front Yard Parking,2016,Yes,49,70,In Favour,2016-06-21,0.7,0.8409
Front Yard Parking,2016,Yes,44,110,In Favour,2016-06-22,0.4,0.9444
Front Yard Parking,2016,Yes,49,76,In Favour,2016-06-22,0.6447,0.9787
Front Yard Parking,2016,Yes,71,130,In Favour,2016-06-27,0.5462,0.7941
Boulevard Cafe,2016,Yes,11,44,Opposed,2016-06-27,0.25,0.5
Front Yard Parking,2016,Yes,12,23,In Favour,2016-06-27,0.5217,0.8333
Traffic Calming,2016,Yes,43,72,Opposed,2016-09-06,0.5972,0.4634
Traffic Calming,2016,Yes,34,64,In Favour,2016-09-06,0.5312,0.7273
Boulevard Cafe,2016,Yes,7,13,Opposed,2016-09-12,0.5385,0.2857
Traffic Calming,2016,No,11,30,Response Rate Not Met,2016-09-29,0.3667,0.4545
Traffic Calming,2016,Yes,76,116,Opposed,2016-09-07,0.6552,0.6143
Traffic Calming,2016,No,89,319,Response Rate Not Met,2016-09-07,0.279,0.6216
Traffic Calming,2016,Yes,94,188,In Favour,2016-09-07,0.5,0.7176
Traffic Calming,2016,No,25,64,Response Rate Not Met,2016-09-08,0.3906,1
Front Yard Parking,2016,Yes,57,103,In Favour,2016-09-20,0.5534,0.8864
Front Yard Parking,2016,Yes,41,70,In Favour,2016-09-14,0.5857,0.9722
Appeal - Front Yard Parking,2016,Yes,30,48,In Favour,2016-09-13,0.625,1
Appeal - Front Yard Parking,2016,Yes,71,133,In Favour,2016-09-15,0.5338,0.6765
Front Yard Parking,2016,Yes,41,78,In Favour,2016-09-14,0.5256,0.95
Appeal - Front Yard Parking,2016,Yes,92,194,In Favour,2016-09-20,0.4742,0.9024
Front Yard Parking,2016,Yes,26,44,In Favour,2016-09-15,0.5909,1
Appeal - Front Yard Parking,2016,Yes,7,15,In Favour,2016-09-19,0.4667,0.8571
Front Yard Parking,2016,Yes,35,46,In Favour,2016-09-15,0.7609,0.9697
Boulevard Cafe,2016,No,28,127,Response Rate Not Met,2016-09-19,0.2205,0.35
Traffic Calming,2016,No,204,461,Response Rate Not Met,2016-09-28,0.4425,0.7419
Boulevard Cafe,2016,No,3,14,Response Rate Not Met,2016-09-21,0.2143,0.3333
Boulevard Cafe,2016,Yes,30,115,Opposed,2016-09-26,0.2609,0.0741
Boulevard Cafe,2016,Yes,37,118,In Favour,2016-09-29,0.3136,0.6944
Boulevard Cafe,2016,Yes,26,114,In Favour,2016-10-03,0.2281,0.7727
Boulevard Cafe,2016,Yes,29,66,In Favour,2016-10-03,0.4394,1
Boulevard Cafe,2016,No,0,5,Response Rate Not Met,2016-10-04,0,NA
Appeal - Front Yard Parking,2016,Yes,26,71,In Favour,2016-10-03,0.3662,0.6538
Traffic Calming,2016,No,105,225,Response Rate Not Met,2016-10-11,0.4667,0.76
Appeal - Front Yard Parking,2016,Yes,63,116,In Favour,2016-10-03,0.5431,1
Appeal - Front Yard Parking,2016,Yes,46,125,In Favour,2016-09-29,0.368,0.8537
Front Yard Parking,2016,Yes,10,12,In Favour,2016-10-03,0.8333,1
Front Yard Parking,2016,Yes,26,40,In Favour,2016-10-04,0.65,0.9565
Appeal - Front Yard Parking,2016,Yes,32,81,In Favour,2016-10-04,0.3951,0.7333
Front Yard Parking,2016,Yes,50,88,In Favour,2016-10-06,0.5682,1
Front Yard Parking,2016,Yes,28,41,In Favour,2016-10-05,0.6829,0.9643
Front Yard Parking,2016,Yes,40,64,In Favour,2016-10-04,0.625,0.8108
Front Yard Parking,2016,Yes,58,96,In Favour,2016-10-05,0.6042,0.9762
Appeal - Front Yard Parking,2016,Yes,31,112,In Favour,2016-10-05,0.2768,1
Appeal - Front Yard Parking,2016,Yes,55,117,In Favour,2016-10-06,0.4701,0.9057
Front Yard Parking,2016,Yes,71,136,In Favour,2016-10-06,0.5221,0.9559
Front Yard Parking,2016,Yes,48,83,In Favour,2016-10-06,0.5783,0.9778
Appeal - Front Yard Parking,2016,Yes,40,84,In Favour,2016-10-11,0.4762,0.9394
Appeal - Front Yard Parking,2016,Yes,36,85,In Favour,2016-10-11,0.4235,0.8824
Appeal - Front Yard Parking,2016,No,22,140,Response Rate Not Met,2016-10-11,0.1571,0.7619
Traffic Calming,2016,Yes,27,31,In Favour,2016-10-12,0.871,0.8462
Front Yard Parking,2016,Yes,57,74,In Favour,2016-10-11,0.7703,1
Front Yard Parking,2016,Yes,49,106,In Favour,2016-10-11,0.4623,1
Appeal - Front Yard Parking,2016,Yes,72,153,In Favour,2016-10-24,0.4706,0.9245
Appeal - Front Yard Parking,2016,Yes,36,106,In Favour,2016-10-24,0.3396,0.9394
Traffic Calming – Island,2016,Yes,26,30,Opposed,2016-10-12,0.8667,0.6
Front Yard Parking,2016,Yes,15,50,In Favour,2016-10-17,0.3,1
Front Yard Parking,2016,Yes,32,93,In Favour,2016-10-17,0.3441,0.9545
Boulevard Cafe,2016,Yes,10,20,Opposed,2016-10-25,0.5,0.4
Traffic Calming,2016,No,243,569,Response Rate Not Met,2016-09-26,0.4271,0.8134
Appeal - Front Yard Parking,2016,Yes,41,92,In Favour,2016-10-25,0.4457,0.9231
Appeal - Front Yard Parking,2016,Yes,40,73,In Favour,2016-10-17,0.5479,0.8333
Appeal - Front Yard Parking,2016,Yes,43,136,In Favour,2016-10-24,0.3162,0.5854
Appeal - Front Yard Parking,2016,Yes,26,40,In Favour,2016-10-25,0.65,1
Appeal - Front Yard Parking,2016,Yes,42,121,In Favour,2016-10-25,0.3471,0.8
Appeal - Front Yard Parking,2016,Yes,42,109,In Favour,2016-11-07,0.3853,0.8056
Appeal - Front Yard Parking,2016,Yes,37,70,In Favour,2016-10-26,0.5286,0.8438
Appeal - Front Yard Parking,2016,Yes,47,130,In Favour,2016-10-27,0.3615,0.675
Appeal - Front Yard Parking,2016,Yes,50,130,In Favour,2016-10-27,0.3846,0.6667
Appeal - Front Yard Parking,2016,Yes,25,47,In Favour,2016-11-03,0.5319,0.95
Boulevard Cafe,2016,No,28,162,Response Rate Not Met,2016-11-07,0.1728,0.8095
Front Yard Parking,2016,Yes,47,70,In Favour,2016-11-03,0.6714,0.9773
Permit Parking,2016,No,5,31,Response Rate Not Met,2016-11-03,0.1613,0.4
Front Yard Parking,2016,Yes,57,105,In Favour,2016-11-08,0.5429,0.8723
Appeal - Front Yard Parking,2016,Yes,45,90,Opposed,2016-11-07,0.5,0.5349
Front Yard Parking,2016,Yes,49,83,In Favour,2016-11-07,0.5904,1
Front Yard Parking,2016,Yes,33,59,In Favour,2016-11-10,0.5593,0.8788
Front Yard Parking,2016,Yes,39,82,In Favour,2016-11-09,0.4756,0.8857
Front Yard Parking,2016,Yes,26,83,In Favour,2016-11-08,0.3133,0.9615
Front Yard Parking,2016,Yes,27,53,In Favour,2016-11-09,0.5094,0.963
Appeal - Front Yard Parking,2016,Yes,65,135,In Favour,2016-11-08,0.4815,0.9167
Appeal - Front Yard Parking,2016,Yes,44,92,In Favour,2016-11-08,0.4783,1
Appeal - Front Yard Parking,2016,Yes,47,70,In Favour,2016-11-09,0.6714,1
Appeal - Front Yard Parking,2016,Yes,37,93,Opposed,2016-11-10,0.3978,0.6
Commercial Boulevard Parking,2016,Yes,23,64,Opposed,2016-11-14,0.3594,0.5
Front Yard Parking,2016,Yes,38,104,Opposed,2016-11-17,0.3654,0.3611
Front Yard Parking,2016,Yes,67,156,In Favour,2016-11-09,0.4295,0.8387
Front Yard Parking,2016,Yes,41,74,In Favour,2016-11-10,0.5541,0.8235
Front Yard Parking,2016,Yes,56,109,In Favour,2016-11-16,0.5138,1
Boulevard Cafe,2016,No,20,99,Response Rate Not Met,2016-11-17,0.202,1
Appeal - Front Yard Parking,2016,Yes,47,78,In Favour,2016-11-16,0.6026,0.9111
Appeal - Front Yard Parking,2016,Yes,48,83,In Favour,2016-11-17,0.5783,0.913
Front Yard Parking,2016,Yes,11,20,In Favour,2016-11-21,0.55,1
Front Yard Parking,2016,Yes,32,47,In Favour,2016-11-24,0.6809,0.9355
Front Yard Parking,2016,Yes,26,42,In Favour,2016-11-24,0.619,1
Commercial Boulevard Parking,2016,No,3,24,Response Rate Not Met,2016-12-22,0.125,1
Front Yard Parking,2016,Yes,36,97,In Favour,2016-11-23,0.3711,1
Front Yard Parking,2016,Yes,7,19,In Favour,2016-11-30,0.3684,1
Front Yard Parking,2016,Yes,32,38,In Favour,2016-11-23,0.8421,1
Front Yard Parking,2016,Yes,63,102,In Favour,2016-11-24,0.6176,0.873
Traffic Calming,2016,Yes,30,55,In Favour,2016-12-05,0.5455,0.7037
Traffic Calming,2016,No,70,163,Response Rate Not Met,2016-12-06,0.4294,0.6212
Appeal - Front Yard Parking,2016,Yes,33,42,In Favour,2016-12-08,0.7857,0.9688
Appeal - Front Yard Parking,2016,Yes,25,97,In Favour,2016-12-12,0.2577,0.8333
Appeal - Front Yard Parking,2016,Yes,29,65,Opposed,2016-12-12,0.4462,0.4138
Appeal - Front Yard Parking,2016,Yes,16,38,In Favour,2016-12-14,0.4211,0.75
Appeal - Front Yard Parking,2016,Yes,32,66,In Favour,2016-12-22,0.4848,0.9375
Appeal - Front Yard Parking,2016,Yes,54,96,In Favour,2016-12-19,0.5625,1
Appeal - Front Yard Parking,2016,Yes,53,135,Opposed,2016-12-12,0.3926,0.449
Appeal - Front Yard Parking,2016,Yes,26,70,Opposed,2016-12-19,0.3714,0.5714
Front Yard Parking,2016,Yes,46,107,In Favour,2016-12-19,0.4299,0.9756
Front Yard Parking,2016,Yes,41,65,In Favour,2016-12-20,0.6308,1
Front Yard Parking,2016,Yes,28,39,In Favour,2016-12-20,0.7179,1
Permit Parking,2017,Yes,40,140,Opposed,2017-01-12,0.2857,0.4848
Boulevard Cafe,2017,Yes,25,92,In Favour,2017-02-09,0.2717,0.6818
Permit Parking,2016,Yes,56,205,In Favour,2016-12-21,0.2732,0.8462
Permit Parking,2017,Yes,10,22,In Favour,2017-01-09,0.4545,0.7
Front Yard Parking,2016,Yes,34,76,In Favour,2016-12-21,0.4474,1
Boulevard Cafe,2017,Yes,35,65,In Favour,2017-01-10,0.5385,0.7143
Front Yard Parking,2017,Yes,16,54,In Favour,2017-01-11,0.2963,0.9286
Front Yard Parking,2017,Yes,27,60,In Favour,2017-01-11,0.45,0.9615
Front Yard Parking,2017,Yes,36,50,In Favour,2017-01-12,0.72,0.9429
Front Yard Parking,2017,Yes,45,133,In Favour,2017-01-11,0.3383,0.9
Front Yard Parking,2017,Yes,5,11,In Favour,2017-01-19,0.4545,1
Front Yard Parking,2017,Yes,24,40,In Favour,2017-01-12,0.6,1
Permit Parking,2017,Yes,26,61,Opposed,2017-01-17,0.4262,0.5217
Permit Parking,2017,Yes,66,121,Opposed,2017-01-19,0.5455,0.254
Appeal - Front Yard Parking,2017,Yes,34,107,In Favour,2017-01-31,0.3178,0.9394
Front Yard Parking,2017,Yes,56,97,In Favour,2017-01-25,0.5773,1
Front Yard Parking,2017,Yes,13,41,In Favour,2017-01-24,0.3171,1
Front Yard Parking,2017,Yes,35,74,In Favour,2017-01-26,0.473,1
Appeal - Front Yard Parking,2017,Yes,20,37,Opposed,2017-01-26,0.5405,0.2
Front Yard Parking,2017,Yes,23,31,In Favour,2017-01-26,0.7419,0.9565
Permit Parking,2017,Yes,15,21,Opposed,2017-02-01,0.7143,0.4615
Permit Parking,2017,Yes,62,167,In Favour,2017-02-01,0.3713,0.5614
Permit Parking,2017,Yes,34,57,Opposed,2017-01-31,0.5965,0.2353
Front Yard Parking,2017,Yes,52,111,In Favour,2017-02-07,0.4685,0.7143
Appeal - Front Yard Parking,2017,Yes,58,79,In Favour,2017-02-06,0.7342,1
Front Yard Parking,2017,Yes,53,100,In Favour,2017-02-06,0.53,0.9615
Front Yard Parking,2017,Yes,59,102,In Favour,2017-02-13,0.5784,1
Appeal - Front Yard Parking,2017,Yes,79,185,In Favour,2017-02-21,0.427,0.9296
Appeal - Front Yard Parking,2017,Yes,28,79,In Favour,2017-02-21,0.3544,1
Front Yard Parking,2017,Yes,45,116,In Favour,2017-02-14,0.3879,1
Appeal - Front Yard Parking,2017,Yes,66,165,In Favour,2017-02-16,0.4,0.9464
Appeal - Front Yard Parking,2017,Yes,54,130,In Favour,2017-02-21,0.4154,0.8511
Appeal - Front Yard Parking,2017,Yes,85,138,In Favour,2017-02-13,0.6159,0.7375
Boulevard Cafe,2017,Yes,3,14,Opposed,2017-02-27,0.2143,0.6667
Boulevard Cafe,2017,Yes,42,87,Opposed,2017-03-06,0.4828,0.2
Front Yard Parking,2017,Yes,46,99,In Favour,2017-03-13,0.4646,0.725
Front Yard Parking,2017,Yes,12,26,In Favour,2017-03-20,0.4615,1
Front Yard Parking,2017,Yes,52,115,In Favour,2017-03-14,0.4522,0.9556
Front Yard Parking,2017,Yes,36,96,In Favour,2017-03-14,0.375,1
Front Yard Parking,2017,Yes,23,40,In Favour,2017-03-15,0.575,1
Front Yard Parking,2017,Yes,33,64,In Favour,2017-03-22,0.5156,1
Front Yard Parking,2017,Yes,42,98,In Favour,2017-03-13,0.4286,0.7838
Front Yard Parking,2017,Yes,45,94,In Favour,2017-03-15,0.4787,0.8571
Front Yard Parking,2017,Yes,15,34,In Favour,2017-03-23,0.4412,1
Appeal - Front Yard Parking,2017,Yes,47,116,In Favour,2017-03-20,0.4052,0.9535
Appeal - Front Yard Parking,2017,Yes,40,111,In Favour,2017-03-22,0.3604,0.8718
Appeal - Front Yard Parking,2017,Yes,19,70,In Favour,2017-03-21,0.2714,0.8947
Permit Parking,2017,Yes,23,48,In Favour,2017-03-22,0.4792,0.6522
Front Yard Parking,2017,Yes,12,18,In Favour,2017-03-23,0.6667,1
Appeal - Front Yard Parking,2017,Yes,12,44,In Favour,2017-03-23,0.2727,0.8
Traffic Calming,2017,Yes,13,21,Opposed,2017-04-04,0.619,0.4615
Traffic Calming,2017,No,97,238,Response Rate Not Met,2017-03-30,0.4076,0.6774
Traffic Calming,2017,No,30,84,Response Rate Not Met,2017-03-30,0.3571,0.9259
Boulevard Cafe,2017,Yes,13,39,In Favour,2017-03-27,0.3333,1
Front Yard Parking,2017,Yes,39,106,In Favour,2017-04-03,0.3679,0.9429
Front Yard Parking,2017,Yes,20,46,In Favour,2017-04-03,0.4348,1
Front Yard Parking,2017,Yes,46,75,In Favour,2017-03-30,0.6133,0.8222
Traffic Calming,2017,No,68,160,Response Rate Not Met,2017-04-03,0.425,0.9032
Front Yard Parking,2017,Yes,41,88,In Favour,2017-04-05,0.4659,0.9394
Front Yard Parking,2017,Yes,37,75,In Favour,2017-04-05,0.4933,1
Appeal - Front Yard Parking,2017,Yes,28,77,In Favour,2017-04-06,0.3636,0.8333
Front Yard Parking,2017,Yes,55,120,In Favour,2017-04-11,0.4583,0.8148
Boulevard Cafe,2017,No,6,49,Response Rate Not Met,2017-04-10,0.1224,0.1667
Boulevard Cafe,2017,No,5,38,Response Rate Not Met,2017-04-10,0.1316,0.8
Traffic Calming,2017,Yes,56,89,Opposed,2017-04-12,0.6292,0.5882
Traffic Calming,2017,No,124,271,Response Rate Not Met,2017-04-20,0.4576,0.789
Traffic Calming,2017,Yes,75,132,In Favour,2017-04-13,0.5682,0.7397
Front Yard Parking,2017,Yes,55,89,In Favour,2017-04-13,0.618,0.86
Appeal - Front Yard Parking,2017,Yes,32,103,In Favour,2017-04-18,0.3107,0.9032
Appeal - Front Yard Parking,2017,Yes,6,21,In Favour,2017-04-18,0.2857,1
Appeal - Front Yard Parking,2017,Yes,55,122,Opposed,2017-04-13,0.4508,0.3654
Appeal - Front Yard Parking,2017,Yes,31,120,In Favour,2017-04-20,0.2583,0.7419
Appeal - Front Yard Parking,2017,Yes,31,49,Opposed,2017-04-13,0.6327,0.3333
Appeal - Front Yard Parking,2017,Yes,23,51,In Favour,2017-04-18,0.451,0.8571
Appeal - Front Yard Parking,2017,Yes,58,142,In Favour,2017-04-19,0.4085,0.8
Appeal - Front Yard Parking,2017,Yes,32,63,In Favour,2017-04-24,0.5079,0.9677
Appeal - Front Yard Parking,2017,Yes,11,28,In Favour,2017-04-24,0.3929,1
Appeal - Front Yard Parking,2017,Yes,67,129,In Favour,2017-04-20,0.5194,0.8871
Front Yard Parking,2017,Yes,55,93,In Favour,2017-04-25,0.5914,0.9245
Front Yard Parking,2017,Yes,54,128,In Favour,2017-04-25,0.4219,1
Front Yard Parking,2017,Yes,44,120,In Favour,2017-04-26,0.3667,0.8889
Appeal - Front Yard Parking,2017,Yes,30,68,In Favour,2017-05-10,0.4412,0.9286
Traffic Calming,2017,No,93,194,Response Rate Not Met,2017-05-25,0.4794,0.5897
Front Yard Parking,2017,Yes,21,88,In Favour,2017-05-25,0.2386,0.8889
Front Yard Parking,2017,Yes,33,54,In Favour,2017-05-23,0.6111,0.9355
Front Yard Parking,2017,Yes,27,54,Opposed,2017-05-25,0.5,0.619
Traffic Calming,2017,No,519,1258,Response Rate Not Met,2017-05-29,0.4126,0.653
Traffic Calming,2017,Yes,18,31,In Favour,2017-05-23,0.5806,0.8235
Traffic Calming,2017,Yes,38,67,In Favour,2017-05-31,0.5672,0.7941
Front Yard Parking,2017,Yes,31,129,In Favour,2017-06-01,0.2403,0.7407
Boulevard Cafe,2017,No,6,39,Response Rate Not Met,2017-06-05,0.1538,0.8333
Appeal - Front Yard Parking,2017,Yes,42,119,In Favour,2017-06-08,0.3529,0.6923
Boulevard Cafe,2017,Yes,48,117,Opposed,2017-06-06,0.4103,0.3256
Boulevard Cafe,2017,Yes,11,26,In Favour,2017-06-13,0.4231,0.7273
Boulevard Cafe,2017,Yes,21,93,In Favour,2017-06-06,0.2258,0.7619
Boulevard Cafe,2017,No,31,137,Response Rate Not Met,2017-06-07,0.2263,0.1818
Boulevard Cafe,2017,Yes,11,27,In Favour,2017-06-12,0.4074,1
Traffic Calming,2017,Yes,133,279,In Favour,2017-06-12,0.4767,0.6875
Boulevard Cafe,2017,No,7,57,Response Rate Not Met,2017-06-08,0.1228,1
Traffic Calming,2017,Yes,112,187,In Favour,2017-06-12,0.5989,0.7647
Boulevard Cafe,2017,Yes,37,81,In Favour,2017-06-15,0.4568,0.5714
Boulevard Cafe,2017,No,8,39,Response Rate Not Met,2017-06-13,0.2051,0.125
Traffic Calming,2017,No,109,265,Response Rate Not Met,2017-06-15,0.4113,0.7812
Traffic Calming,2017,No,32,107,Response Rate Not Met,2017-06-19,0.2991,0.7333
Traffic Calming,2017,No,57,120,Response Rate Not Met,2017-06-20,0.475,0.8627
Appeal - Front Yard Parking,2017,Yes,53,129,Opposed,2017-06-26,0.4109,0.3462
Appeal - Front Yard Parking,2017,Yes,51,129,Opposed,2017-06-26,0.3953,0.34
Appeal - Front Yard Parking,2017,Yes,32,76,Opposed,2017-06-22,0.4211,0.5714
Boulevard Cafe,2017,No,3,226,Response Rate Not Met,2017-06-21,0.0133,0.6667
Boulevard Cafe,2017,No,18,114,Response Rate Not Met,2017-06-21,0.1579,0.3571
Traffic Calming,2017,No,18,55,Response Rate Not Met,2017-06-22,0.3273,0.5
Front Yard Parking,2017,Yes,32,40,In Favour,2017-06-20,0.8,1
Front Yard Parking,2017,Yes,28,45,In Favour,2017-06-22,0.6222,0.6538
Permit Parking,2017,Yes,32,58,Opposed,2017-06-29,0.5517,0.25
Traffic Calming,2017,No,1,4,Response Rate Not Met,2017-06-29,0.25,1
Permit Parking,2017,Yes,17,62,Opposed,2017-06-28,0.2742,0.2353
Front Yard Parking,2017,Yes,41,68,Opposed,2017-06-28,0.6029,0.2105
Traffic Calming,2017,Yes,101,188,In Favour,2017-07-24,0.5372,0.732
Traffic Calming,2017,No,87,198,Response Rate Not Met,2017-07-26,0.4394,0.8571
Traffic Calming,2017,No,74,223,Response Rate Not Met,2017-07-26,0.3318,0.7391
Traffic Calming,2017,Yes,53,109,In Favour,2017-07-25,0.4862,0.8627
Boulevard Cafe,2017,Yes,36,98,In Favour,2017-07-12,0.3673,0.7419
Traffic Calming,2017,No,28,55,Response Rate Not Met,2017-07-27,0.5091,0.72
Traffic Calming,2017,No,11,25,Response Rate Not Met,2017-07-26,0.44,0.9
Traffic Calming,2017,Yes,25,42,In Favour,2017-07-25,0.5952,0.8696
Traffic Calming,2017,Yes,28,41,In Favour,2017-07-24,0.6829,0.8929
Front Yard Parking,2017,Yes,42,78,In Favour,2017-07-31,0.5385,1
Front Yard Parking,2017,Yes,22,57,In Favour,2017-07-27,0.386,0.7727
Front Yard Parking,2017,Yes,25,86,Opposed,2017-07-27,0.2907,0.6842
Appeal - Front Yard Parking,2017,Yes,16,19,In Favour,2017-07-31,0.8421,0.875
Traffic Calming,2017,No,49,180,Response Rate Not Met,2017-08-09,0.2722,0.5417
Permit Parking,2017,No,82,555,Response Rate Not Met,2017-08-31,0.1477,0.8696
Front Yard Parking,2017,Yes,28,43,In Favour,2017-08-01,0.6512,1
Front Yard Parking,2017,Yes,42,124,In Favour,2017-08-01,0.3387,0.7805
Appeal - Front Yard Parking,2017,Yes,30,96,In Favour,2017-08-08,0.3125,0.9643
Appeal - Front Yard Parking,2017,Yes,57,146,Opposed,2017-08-01,0.3904,0.3333
Appeal - Front Yard Parking,2017,Yes,62,127,In Favour,2017-08-03,0.4882,0.8077
Appeal - Front Yard Parking,2017,Yes,46,70,In Favour,2017-08-03,0.6571,0.8864
Appeal - Front Yard Parking,2017,Yes,31,73,Opposed,2017-08-08,0.4247,0.5172
Appeal - Front Yard Parking,2017,Yes,36,83,Opposed,2017-08-08,0.4337,0.4571
Proposed Business Improvement Area,2017,Yes,15,19,In Favour,2017-08-08,0.7895,0.8
Front Yard Parking,2017,Yes,15,50,In Favour,2017-08-09,0.3,0.8571
Boulevard Cafe,2017,No,33,160,Response Rate Not Met,2017-08-10,0.2062,0.1515
Front Yard Parking,2017,Yes,32,62,In Favour,2017-08-21,0.5161,0.9667
Front Yard Parking,2017,Yes,42,88,In Favour,2017-08-22,0.4773,0.6905
Permit Parking,2017,No,6,54,Response Rate Not Met,2017-09-11,0.1111,0
Boulevard Cafe,2017,Yes,33,108,Opposed,2017-09-06,0.3056,0.6154
Traffic Calming,2017,Yes,32,69,Opposed,2017-09-14,0.4638,0.3871
Traffic Calming,2017,No,36,117,Response Rate Not Met,2017-09-14,0.3077,0.7778
Front Yard Parking,2017,Yes,29,59,In Favour,2017-09-07,0.4915,0.96
Front Yard Parking,2017,Yes,38,90,In Favour,2017-09-13,0.4222,0.9429
Traffic Calming – Island,2017,Yes,140,275,Opposed,2017-09-14,0.5091,0.542
Traffic Calming – Island,2017,Yes,229,396,Opposed,2017-09-18,0.5783,0.3649
Boulevard Cafe,2017,No,2,32,Response Rate Not Met,2017-09-19,0.0625,0.5
Front Yard Parking,2017,Yes,24,70,In Favour,2017-09-18,0.3429,0.5417
Appeal - Front Yard Parking,2017,Yes,32,71,Opposed,2017-09-18,0.4507,0.2258
Appeal - Front Yard Parking,2017,Yes,31,56,In Favour,2017-09-19,0.5536,0.9615
Front Yard Parking,2017,Yes,37,74,In Favour,2017-09-19,0.5,0.9643
Traffic Calming,2017,Yes,52,77,Opposed,2017-09-20,0.6753,0.5962
Appeal - Front Yard Parking,2017,Yes,94,150,In Favour,2017-09-25,0.6267,0.8714
Front Yard Parking,2017,Yes,19,45,In Favour,2017-09-20,0.4222,0.9412
Traffic Calming,2017,No,25,402,Response Rate Not Met,2017-10-26,0.0622,1
Traffic Calming,2017,Yes,34,73,Opposed,2017-09-26,0.4658,0.76
Traffic Calming,2017,No,73,165,Response Rate Not Met,2017-09-28,0.4424,0.5217
Traffic Calming,2017,Yes,19,42,In Favour,2017-09-28,0.4524,0.8235
Business Improvement Area,2017,Yes,53,129,In Favour,2017-10-23,0.4109,0.8113
Traffic Calming,2017,No,148,327,Response Rate Not Met,2017-10-12,0.4526,0.7951
Front Yard Parking,2017,Yes,11,13,Opposed,2017-10-10,0.8462,0.4545
Front Yard Parking,2017,Yes,46,100,In Favour,2017-10-05,0.46,0.8261
Traffic Calming,2017,No,54,121,Response Rate Not Met,2017-10-10,0.4463,0.5577
Permit Parking,2017,Yes,22,89,In Favour,2017-10-16,0.2472,0.7273
Boulevard Cafe,2017,Yes,20,67,In Favour,2017-10-11,0.2985,0.8235
Boulevard Cafe,2017,No,40,218,Response Rate Not Met,2017-10-16,0.1835,0.975
Appeal - Front Yard Parking,2017,Yes,47,129,In Favour,2017-10-19,0.3643,0.6522
Appeal - Front Yard Parking,2017,Yes,44,129,In Favour,2017-10-19,0.3411,0.6744
Traffic Calming,2017,Yes,50,92,In Favour,2017-10-31,0.5435,0.8043
Traffic Calming,2017,No,174,387,Response Rate Not Met,2017-11-01,0.4496,0.7628
Traffic Calming,2017,Yes,54,75,In Favour,2017-10-23,0.72,0.7963
Traffic Calming,2017,Yes,57,115,Opposed,2017-10-25,0.4957,0.5818
Traffic Calming,2017,Yes,36,65,Opposed,2017-10-26,0.5538,0.5455
Boulevard Cafe,2017,Yes,39,154,In Favour,2017-10-30,0.2532,0.8108
Front Yard Parking,2017,Yes,74,113,In Favour,2017-10-23,0.6549,0.9718
Appeal - Front Yard Parking,2017,Yes,21,60,Opposed,2017-10-30,0.35,0.3158
Boulevard Cafe,2017,Yes,31,92,In Favour,2017-11-02,0.337,0.7391
Appeal - Front Yard Parking,2017,Yes,23,74,In Favour,2017-10-31,0.3108,0.7727
Traffic Calming,2017,Yes,77,125,In Favour,2017-11-07,0.616,0.8358
Traffic Calming,2017,No,56,113,Response Rate Not Met,2017-11-08,0.4956,0.8491
Traffic Calming,2017,Yes,58,107,Opposed,2017-11-09,0.5421,0.5862
Traffic Calming,2017,No,3,10,Response Rate Not Met,2017-11-09,0.3,1
Traffic Calming,2017,Yes,53,73,Opposed,2017-11-13,0.726,0.5577
Front Yard Parking,2017,No,5,28,Response Rate Not Met,2017-11-09,0.1786,1
Front Yard Parking,2017,Yes,52,79,In Favour,2017-11-13,0.6582,1
Traffic Calming,2017,No,72,235,Response Rate Not Met,2017-11-30,0.3064,0.7288
Traffic Calming,2017,No,60,206,Response Rate Not Met,2017-11-30,0.2913,0.8372
Traffic Calming,2017,Yes,40,89,Opposed,2017-11-20,0.4494,0.5862
Traffic Calming,2017,Yes,57,95,In Favour,2017-11-23,0.6,0.7963
Front Yard Parking,2017,Yes,30,50,Opposed,2017-12-04,0.6,0.2759
Appeal - Front Yard Parking,2017,Yes,42,83,In Favour,2017-12-04,0.506,0.9714
Traffic Calming,2017,No,3,11,Response Rate Not Met,2017-12-04,0.2727,0.6667
Traffic Calming,2017,No,10,42,Response Rate Not Met,2017-12-11,0.2381,1
Traffic Calming,2017,Yes,34,49,In Favour,2017-12-12,0.6939,1
Front Yard Parking,2017,Yes,41,92,In Favour,2017-12-07,0.4457,0.9474
Front Yard Parking,2017,Yes,12,13,In Favour,2017-12-07,0.9231,1
Front Yard Parking,2017,Yes,47,98,In Favour,2017-12-11,0.4796,0.8837
Appeal - Front Yard Parking,2017,Yes,39,145,In Favour,2017-12-13,0.269,0.8286
Boulevard Cafe,2017,Yes,17,54,In Favour,2017-12-18,0.3148,0.75
Appeal - Front Yard Parking,2018,Yes,57,151,In Favour,2018-01-15,0.3775,0.8571
Appeal - Front Yard Parking,2018,Yes,53,96,In Favour,2018-01-16,0.5521,0.9583
Front Yard Parking,2018,Yes,31,46,In Favour,2018-01-18,0.6739,1
Boulevard Cafe,2018,Yes,31,105,Opposed,2018-01-22,0.2952,0.5789
Appeal - Front Yard Parking,2018,Yes,28,81,In Favour,2018-01-18,0.3457,0.96
Appeal - Front Yard Parking,2018,No,12,53,Response Rate Not Met,2018-01-11,0.2264,1
Front Yard Parking,2018,Yes,41,73,In Favour,2018-01-15,0.5616,0.9706
Front Yard Parking,2018,Yes,33,68,In Favour,2018-01-15,0.4853,0.8966
Front Yard Parking,2018,Yes,36,79,In Favour,2018-01-17,0.4557,0.9412
Front Yard Parking,2018,Yes,19,30,In Favour,2018-01-18,0.6333,1
Permit Parking,2018,Yes,101,397,Opposed,2018-02-01,0.2544,0.3469
Permit Parking,2018,No,26,178,Response Rate Not Met,2018-02-01,0.1461,0.15
Permit Parking,2018,No,43,264,Response Rate Not Met,2018-02-01,0.1629,0.2
Front Yard Parking,2018,Yes,33,64,In Favour,2018-01-23,0.5156,1
Front Yard Parking,2018,Yes,23,49,In Favour,2018-02-13,0.4694,1
Front Yard Parking,2018,Yes,21,56,In Favour,2018-01-25,0.375,1
Appeal - Front Yard Parking,2018,Yes,38,56,In Favour,2018-01-29,0.6786,0.5833
Appeal - Front Yard Parking,2018,Yes,26,73,In Favour,2018-02-01,0.3562,1
Appeal - Front Yard Parking,2018,Yes,46,62,In Favour,2018-01-29,0.7419,0.881
Appeal - Front Yard Parking,2018,No,36,165,Response Rate Not Met,2018-01-29,0.2182,0.7097
Appeal - Front Yard Parking,2018,Yes,46,151,In Favour,2018-01-30,0.3046,1
Boulevard Cafe,2018,Yes,33,51,In Favour,2018-02-08,0.6471,0.8387
Traffic Calming,2018,No,25,71,Response Rate Not Met,2018-02-12,0.3521,0.72
Traffic Calming,2018,No,31,119,Response Rate Not Met,2018-02-05,0.2605,0.5172
Appeal - Front Yard Parking,2018,Yes,28,60,Opposed,2018-02-05,0.4667,0.4615
Appeal - Front Yard Parking,2018,Yes,53,185,Opposed,2018-01-31,0.2865,0.5
Traffic Calming,2018,Yes,49,82,In Favour,2018-02-14,0.5976,0.9149
Front Yard Parking,2018,Yes,20,38,In Favour,2018-02-14,0.5263,0.8235
Front Yard Parking,2018,No,17,88,Response Rate Not Met,2018-02-15,0.1932,1
Traffic Calming,2018,No,82,616,Response Rate Not Met,2018-02-14,0.1331,0.8356
Permit Parking,2018,No,22,95,Response Rate Not Met,2018-02-13,0.2316,0.619
Permit Parking,2018,Yes,58,234,Opposed,2018-02-15,0.2479,0.4107
Traffic Calming,2018,Yes,39,69,In Favour,2018-02-15,0.5652,0.8611
Traffic Calming,2018,Yes,123,192,In Favour,2018-02-20,0.6406,0.8205
Appeal - Front Yard Parking,2018,Yes,37,62,In Favour,2018-02-26,0.5968,0.8857
Appeal - Front Yard Parking,2018,Yes,37,62,In Favour,2018-02-27,0.5968,0.9118
Appeal - Front Yard Parking,2018,Yes,11,11,In Favour,2018-02-27,1,1
Appeal - Front Yard Parking,2018,Yes,52,76,In Favour,2018-02-21,0.6842,0.8431
Appeal - Front Yard Parking,2018,Yes,54,106,In Favour,2018-02-21,0.5094,0.7778
Appeal - Front Yard Parking,2018,Yes,13,13,In Favour,2018-02-22,1,1
Front Yard Parking,2018,Yes,32,76,In Favour,2018-02-20,0.4211,1
Front Yard Parking,2018,Yes,41,107,In Favour,2018-02-22,0.3832,0.8919
Front Yard Parking,2018,Yes,29,59,In Favour,2018-02-27,0.4915,1
Front Yard Parking,2018,Yes,32,46,In Favour,2018-03-05,0.6957,0.8276
Front Yard Parking,2018,Yes,63,125,In Favour,2018-03-06,0.504,0.9655
Front Yard Parking,2018,Yes,47,71,In Favour,2018-03-06,0.662,1
Proposed Business Improvement Area,2018,Yes,7,20,In Favour,2018-02-12,0.35,1
Appeal - Front Yard Parking,2018,Yes,30,67,In Favour,2018-02-26,0.4478,0.8929
Front Yard Parking,2018,Yes,33,78,Opposed,2018-02-28,0.4231,0.4516
Appeal - Front Yard Parking,2018,Yes,49,106,Opposed,2018-02-28,0.4623,0.5
Appeal - Front Yard Parking,2018,Yes,43,84,Opposed,2018-03-05,0.5119,0.3023
Appeal - Front Yard Parking,2018,Yes,42,59,In Favour,2018-03-13,0.7119,1
Front Yard Parking,2018,Yes,91,200,In Favour,2018-03-14,0.455,0.9885
Front Yard Parking,2018,Yes,49,183,In Favour,2018-03-07,0.2678,0.8919
Front Yard Parking,2018,Yes,35,75,In Favour,2018-03-15,0.4667,0.9062
Front Yard Parking,2018,Yes,32,128,In Favour,2018-03-19,0.25,1
Traffic Calming,2018,No,120,343,Response Rate Not Met,2018-03-08,0.3499,0.5146
Appeal - Front Yard Parking,2018,No,7,35,Response Rate Not Met,2018-03-13,0.2,0.8333
Traffic Calming,2018,No,122,335,Response Rate Not Met,2018-03-28,0.3642,0.4857
Boulevard Cafe,2018,No,13,135,Response Rate Not Met,2018-03-08,0.0963,0.8333
Permit Parking,2018,Yes,13,19,In Favour,2018-03-19,0.6842,1
Front Yard Parking,2018,Yes,33,58,In Favour,2018-03-20,0.569,1
Front Yard Parking,2018,Yes,58,104,In Favour,2018-03-12,0.5577,0.8889
Appeal - Front Yard Parking,2018,No,5,21,Response Rate Not Met,2018-03-12,0.2381,1
Appeal - Front Yard Parking,2018,Yes,10,42,In Favour,2018-03-07,0.2381,0.8889
Front Yard Parking,2018,Yes,11,43,In Favour,2018-03-14,0.2558,1
Commercial Boulevard Parking,2018,Yes,19,63,In Favour,2018-03-28,0.3016,0.5789
Traffic Calming,2018,Yes,35,55,In Favour,2018-03-15,0.6364,0.697
Appeal - Front Yard Parking,2018,Yes,43,86,In Favour,2018-03-21,0.5,0.6512
Front Yard Parking,2018,Yes,41,103,In Favour,2018-03-20,0.3981,0.8718
Front Yard Parking,2018,Yes,48,104,In Favour,2018-03-21,0.4615,0.8958
Traffic Calming,2018,Yes,131,202,In Favour,2018-03-26,0.6485,0.8699
Appeal - Front Yard Parking,2018,Yes,25,75,In Favour,2018-03-22,0.3333,0.9565
Appeal - Front Yard Parking,2018,Yes,34,64,In Favour,2018-03-26,0.5312,1
Boulevard Cafe,2018,No,31,184,Response Rate Not Met,2018-03-22,0.1685,0.6897
Front Yard Parking,2018,Yes,8,16,In Favour,2018-03-27,0.5,1
Traffic Calming,2018,Yes,93,136,In Favour,2018-03-27,0.6838,0.8372
Appeal - Front Yard Parking,2018,Yes,34,56,In Favour,2018-03-29,0.6071,1
Front Yard Parking,2018,Yes,37,85,In Favour,2018-04-03,0.4353,1
Traffic Calming,2018,No,66,199,Response Rate Not Met,2018-04-03,0.3317,0.7541
Appeal - Front Yard Parking,2018,Yes,51,75,Opposed,2018-04-09,0.68,0.46
Appeal - Front Yard Parking,2018,Yes,38,74,In Favour,2018-04-09,0.5135,0.9394
Front Yard Parking,2018,Yes,76,131,In Favour,2018-04-10,0.5802,0.9853
Front Yard Parking,2018,Yes,61,145,Opposed,2018-04-19,0.4207,0.8378
Traffic Calming,2018,Yes,56,104,In Favour,2018-04-18,0.5385,0.9245
Traffic Calming,2018,Yes,92,157,In Favour,2018-04-19,0.586,0.8315
Boulevard Cafe,2018,Yes,44,159,In Favour,2018-04-26,0.2767,0.9302
Boulevard Cafe,2018,No,24,204,Response Rate Not Met,2018-05-03,0.1176,0.5455
Front Yard Parking,2018,Yes,37,55,In Favour,2018-04-26,0.6727,1
Front Yard Parking,2018,Yes,25,84,In Favour,2018-04-30,0.2976,0.92
Traffic Calming,2018,Yes,103,196,In Favour,2018-04-30,0.5255,0.7938
Front Yard Parking,2018,Yes,30,60,In Favour,2018-05-16,0.5,0.5926
Front Yard Parking,2018,Yes,53,95,In Favour,2018-05-22,0.5579,0.8958
Front Yard Parking,2018,Yes,30,64,In Favour,2018-05-17,0.4688,0.9333
Front Yard Parking,2018,Yes,28,63,In Favour,2018-05-17,0.4444,1
Traffic Calming,2018,Yes,101,154,Opposed,2018-05-14,0.6558,0.4157
Traffic Calming,2018,Yes,136,277,In Favour,2018-05-24,0.491,0.8065
Traffic Calming,2018,No,69,157,Response Rate Not Met,2018-05-15,0.4395,0.75
Traffic Calming,2018,No,0,3,Response Rate Not Met,2018-05-14,0,NA
Permit Parking,2018,Yes,62,94,In Favour,2018-05-10,0.6596,0.8364
Front Yard Parking,2018,Yes,59,115,In Favour,2018-05-22,0.513,0.9796
Front Yard Parking,2018,Yes,39,84,In Favour,2018-05-16,0.4643,0.9211
Boulevard Cafe,2018,No,29,323,Response Rate Not Met,2018-05-24,0.0898,0.5357
Front Yard Parking,2018,Yes,38,76,In Favour,2018-05-22,0.5,0.9706
Front Yard Parking,2018,Yes,28,90,Opposed,2018-05-28,0.3111,0.6087
Front Yard Parking,2018,Yes,37,92,In Favour,2018-06-07,0.4022,1
Front Yard Parking,2018,Yes,52,99,In Favour,2018-06-07,0.5253,0.8837
Front Yard Parking,2018,Yes,45,117,In Favour,2018-06-04,0.3846,0.975
Boulevard Cafe,2018,Yes,40,66,Opposed,2018-06-12,0.6061,0.125
Boulevard Cafe,2018,No,22,154,Response Rate Not Met,2018-06-06,0.1429,0.8636
Front Yard Parking,2018,Yes,46,112,In Favour,2018-06-11,0.4107,0.9091
Boulevard Cafe,2018,Yes,48,125,In Favour,2018-06-11,0.384,0.9268
Front Yard Parking,2018,Yes,56,85,In Favour,2018-06-12,0.6588,0.94
Traffic Calming,2018,Yes,11,17,In Favour,2018-06-27,0.6471,1
Front Yard Parking,2018,Yes,47,117,In Favour,2018-06-27,0.4017,1
Front Yard Parking,2018,Yes,27,54,In Favour,2018-06-25,0.5,0.8182
Appeal - Front Yard Parking,2018,Yes,25,55,In Favour,2018-07-03,0.4545,0.6
Traffic Calming,2018,Yes,110,198,Opposed,2018-07-04,0.5556,0.566
Traffic Calming,2018,No,29,86,Response Rate Not Met,2018-06-26,0.3372,0.8214
Traffic Calming,2018,No,66,204,Response Rate Not Met,2018-07-05,0.3235,0.8361
Front Yard Parking,2018,Yes,46,86,In Favour,2018-07-30,0.5349,0.814
Front Yard Parking,2018,Yes,18,30,In Favour,2018-07-10,0.6,0.8667
Boulevard Cafe,2018,No,13,89,Response Rate Not Met,2018-07-12,0.1461,0.6154
Traffic Calming,2018,Yes,49,80,In Favour,2018-07-16,0.6125,0.8478
Traffic Calming,2018,No,204,878,Response Rate Not Met,2018-07-16,0.2323,0.7831
Traffic Calming,2018,No,33,122,Response Rate Not Met,2018-07-17,0.2705,0.8065
Traffic Calming,2018,Yes,158,282,In Favour,2018-07-30,0.5603,0.8065
Traffic Calming,2018,No,168,652,Response Rate Not Met,2018-07-31,0.2577,0.8616
Boulevard Cafe,2018,Yes,24,76,Opposed,2018-07-19,0.3158,0.3333
Traffic Calming,2018,No,8,20,Response Rate Not Met,2018-09-12,0.4,1
Traffic Calming,2018,No,36,73,Response Rate Not Met,2018-09-12,0.4932,0.8485
Boulevard Cafe,2018,Yes,20,66,Opposed,2018-07-24,0.303,0.2353
Front Yard Parking,2018,Yes,38,53,Opposed,2018-07-31,0.717,0.5429
Front Yard Parking,2018,Yes,20,58,In Favour,2018-07-30,0.3448,0.6471
Front Yard Parking,2018,Yes,34,100,In Favour,2018-08-01,0.34,1
Appeal - Front Yard Parking,2018,Yes,32,67,In Favour,2018-08-02,0.4776,1
Boulevard Cafe,2018,No,29,219,Response Rate Not Met,2018-08-13,0.1324,0.6429
Traffic Calming,2018,No,45,143,Response Rate Not Met,2018-08-01,0.3147,0.7561
Business Improvement Area,2018,Yes,116,302,In Favour,2018-08-20,0.3841,0.9204
Front Yard Parking,2018,Yes,41,111,In Favour,2018-08-21,0.3694,0.9756
Front Yard Parking,2018,Yes,32,68,In Favour,2018-08-21,0.4706,1
Boulevard Cafe,2018,No,26,255,Response Rate Not Met,2018-09-18,0.102,0.8333
Traffic Calming,2018,No,77,254,Response Rate Not Met,2018-09-17,0.3031,0.8571
Permit Parking,2018,Yes,69,164,In Favour,2018-12-04,0.4207,0.6567
Boulevard Cafe,2018,Yes,22,62,In Favour,2018-09-17,0.3548,0.8667
Front Yard Parking,2018,Yes,49,169,In Favour,2018-09-17,0.2899,0.7556
Front Yard Parking,2018,Yes,26,42,In Favour,2018-09-18,0.619,1
Front Yard Parking,2018,Yes,37,78,In Favour,2018-09-19,0.4744,0.8571
Permit Parking,2018,Yes,24,54,In Favour,2018-09-20,0.4444,0.8182
Permit Parking,2018,Yes,77,214,In Favour,2018-12-05,0.3598,0.7903
Traffic Calming,2018,Yes,309,526,Opposed,2018-12-04,0.5875,0.5461
Traffic Calming,2018,Yes,82,128,In Favour,2018-12-10,0.6406,0.8421
Front Yard Parking,2018,Yes,41,121,In Favour,2018-12-04,0.3388,1
Front Yard Parking,2018,Yes,40,68,In Favour,2018-12-05,0.5882,0.9459
Boulevard Cafe,2018,Yes,29,83,In Favour,2018-12-05,0.3494,0.6429
Boulevard Cafe,2018,Yes,26,74,In Favour,2018-12-06,0.3514,0.76
Commercial Boulevard Parking,2018,Yes,8,18,Opposed,2018-12-17,0.4444,0.25
Front Yard Parking,2018,Yes,68,83,In Favour,2018-12-10,0.8193,0.9516
Front Yard Parking,2018,Yes,34,59,In Favour,2018-12-12,0.5763,0.9677
Front Yard Parking,2018,Yes,42,74,In Favour,2018-12-11,0.5676,0.825
Front Yard Parking,2018,Yes,29,68,In Favour,2018-12-11,0.4265,0.7586
Front Yard Parking,2018,Yes,39,75,In Favour,2018-12-17,0.52,0.7632
Front Yard Parking,2018,Yes,13,16,In Favour,2018-12-13,0.8125,0.9091
Front Yard Parking,2018,Yes,19,35,In Favour,2018-12-12,0.5429,1
Front Yard Parking,2018,Yes,43,97,In Favour,2018-12-12,0.4433,0.7949
Front Yard Parking,2018,Yes,23,60,In Favour,2018-12-13,0.3833,0.9524
Traffic Calming,2018,No,30,108,Response Rate Not Met,2018-12-17,0.2778,0.6207
Traffic Calming,2018,No,0,5,Response Rate Not Met,2018-12-18,0,NA
Permit Parking,2018,Yes,24,56,Opposed,2018-12-19,0.4286,0.3333
Front Yard Parking,2018,Yes,27,68,In Favour,2018-12-18,0.3971,0.7273
Front Yard Parking,2018,Yes,48,90,In Favour,2018-12-20,0.5333,0.6579
Front Yard Parking,2018,Yes,26,81,In Favour,2018-12-20,0.321,0.92
Boulevard Cafe,2019,Yes,20,34,In Favour,2019-01-24,0.5882,1
Front Yard Parking,2019,Yes,38,61,In Favour,2019-01-17,0.623,1
Commercial Boulevard Parking,2019,Yes,16,31,Opposed,2019-01-24,0.5161,0.3077
Front Yard Parking,2019,Yes,22,49,In Favour,2019-01-22,0.449,1
Commercial Boulevard Parking,2019,Yes,4,9,In Favour,2019-01-29,0.4444,1
Permit Parking,2019,Yes,35,80,In Favour,2019-01-29,0.4375,0.6176
Front Yard Parking,2019,Yes,22,55,In Favour,2019-01-30,0.4,1
Front Yard Parking,2019,Yes,42,106,In Favour,2019-01-29,0.3962,1
Front Yard Parking,2019,Yes,12,31,In Favour,2019-01-28,0.3871,0.75
Traffic Calming,2019,Yes,65,122,In Favour,2019-01-28,0.5328,0.8667
Traffic Calming,2019,No,13,58,Response Rate Not Met,2019-02-04,0.2241,0.6667
Front Yard Parking,2019,Yes,47,80,In Favour,2019-02-05,0.5875,1
Traffic Calming,2019,Yes,36,44,In Favour,2019-02-04,0.8182,0.9167
Traffic Calming,2019,Yes,31,59,Opposed,2019-02-11,0.5254,0.4516
Front Yard Parking,2019,Yes,62,92,In Favour,2019-02-14,0.6739,0.9649
Front Yard Parking,2019,Yes,25,36,In Favour,2019-02-14,0.6944,0.9524
Boulevard Cafe,2019,No,23,148,Response Rate Not Met,2019-02-28,0.1554,0.4286
Boulevard Cafe,2019,Yes,27,69,Opposed,2019-03-06,0.3913,0.0741
Boulevard Cafe,2019,Yes,48,152,Opposed,2019-03-20,0.3158,0.3913
Boulevard Cafe,2019,No,275,1878,Response Rate Not Met,2019-03-14,0.1464,0.3984
Traffic Calming,2019,Yes,297,539,In Favour,2019-03-11,0.551,0.7434
Traffic Calming,2019,Yes,128,202,In Favour,2019-03-25,0.6337,0.6529
Traffic Calming,2019,Yes,126,221,Opposed,2019-03-28,0.5701,0.5495
Front Yard Parking,2019,Yes,11,19,In Favour,2019-03-25,0.5789,0.8182
Front Yard Parking,2019,Yes,44,74,In Favour,2019-04-02,0.5946,1
Front Yard Parking,2019,Yes,55,105,In Favour,2019-04-02,0.5238,0.8
Front Yard Parking,2019,Yes,20,34,In Favour,2019-03-20,0.5882,1
Front Yard Parking,2019,Yes,24,47,In Favour,2019-04-01,0.5106,0.8261
Boulevard Cafe,2019,Yes,43,137,In Favour,2019-04-04,0.3139,0.5897
Traffic Calming,2019,No,124,369,Response Rate Not Met,2019-04-09,0.336,0.7864
Traffic Calming,2019,No,165,539,Response Rate Not Met,2019-04-11,0.3061,0.5038
Front Yard Parking,2019,Yes,28,56,In Favour,2019-04-02,0.5,1
Front Yard Parking,2019,Yes,49,79,In Favour,2019-04-01,0.6203,0.9184
Front Yard Parking,2019,Yes,33,63,In Favour,2019-04-11,0.5238,0.9032
Boulevard Cafe,2019,Yes,19,46,In Favour,2019-04-08,0.413,0.9412
Boulevard Cafe,2019,Yes,49,92,Opposed,2019-04-25,0.5326,0.1556
Traffic Calming,2019,No,120,711,Response Rate Not Met,2019-05-02,0.1688,0.7455
Front Yard Parking,2019,Yes,16,40,In Favour,2019-04-11,0.4,0.875
Front Yard Parking,2019,Yes,36,52,In Favour,2019-04-15,0.6923,0.8182
Permit Parking,2019,Yes,72,134,Opposed,2019-04-18,0.5373,0.4603
Boulevard Cafe,2019,Yes,40,96,In Favour,2019-04-18,0.4167,0.9688
Boulevard Cafe,2019,Yes,50,128,In Favour,2019-04-23,0.3906,0.6818
Front Yard Parking,2019,Yes,52,101,In Favour,2019-04-16,0.5149,0.8723
Front Yard Parking,2019,No,27,129,Response Rate Not Met,2019-04-25,0.2093,0.6538
Front Yard Parking,2019,Yes,43,131,In Favour,2019-04-23,0.3282,0.9444
Front Yard Parking,2019,Yes,35,62,In Favour,2019-04-24,0.5645,0.8571
Traffic Calming,2019,No,27,96,Response Rate Not Met,2019-05-13,0.2812,0.5769
Traffic Calming,2019,No,98,272,Response Rate Not Met,2019-05-16,0.3603,0.8523
Front Yard Parking,2019,Yes,35,113,In Favour,2019-05-15,0.3097,0.9583
Business Improvement Area,2019,Yes,17,56,In Favour,2019-06-17,0.3036,0.9412
Front Yard Parking,2019,Yes,63,140,In Favour,2019-05-15,0.45,0.9649
Front Yard Parking,2019,Yes,32,68,In Favour,2019-05-23,0.4706,0.8333
Front Yard Parking,2019,Yes,24,41,In Favour,2019-05-23,0.5854,0.7368
Boulevard Cafe,2019,Yes,34,159,In Favour,2019-06-05,0.2138,0.8333
Traffic Calming,2019,Yes,54,95,In Favour,2019-06-12,0.5684,0.7692
Traffic Calming,2019,Yes,115,187,In Favour,2019-06-13,0.615,0.6697
Traffic Calming,2019,Yes,162,211,In Favour,2019-06-10,0.7678,0.7619
Front Yard Parking,2019,Yes,55,155,In Favour,2019-06-12,0.3548,0.9057
Permit Parking,2019,Yes,61,137,Opposed,2019-06-17,0.4453,0.2881
Boulevard Cafe,2019,Yes,50,113,In Favour,2019-06-19,0.4425,0.7209
Boulevard Cafe,2019,No,28,128,Response Rate Not Met,2019-07-03,0.2188,0.2308
Boulevard Cafe,2019,Yes,20,67,In Favour,2019-07-11,0.2985,0.8333
Front Yard Parking,2019,Yes,67,136,In Favour,2019-07-08,0.4926,0.8333
Traffic Calming,2019,No,25,53,Response Rate Not Met,2019-07-09,0.4717,0.36
Front Yard Parking,2019,Yes,69,145,In Favour,2019-07-16,0.4759,0.8197
Front Yard Parking,2019,Yes,31,63,In Favour,2019-07-17,0.4921,0.8929
Front Yard Parking,2019,Yes,27,35,In Favour,2019-07-15,0.7714,0.6296
Front Yard Parking,2019,Yes,34,60,In Favour,2019-07-16,0.5667,1
Front Yard Parking,2019,No,33,197,Response Rate Not Met,2019-07-25,0.1675,0.75
Front Yard Parking,2019,Yes,44,94,In Favour,2019-07-29,0.4681,1
Front Yard Parking,2019,Yes,45,102,In Favour,2019-07-31,0.4412,0.6977
Traffic Calming,2019,Yes,78,167,In Favour,2019-07-29,0.4671,0.8219
Commercial Boulevard Parking,2019,Yes,18,46,In Favour,2019-08-07,0.3913,0.7778
Traffic Calming,2019,No,48,138,Response Rate Not Met,2019-08-07,0.3478,0.8333
Traffic Calming,2019,No,74,204,Response Rate Not Met,2019-08-08,0.3627,0.803
Traffic Calming,2019,No,95,391,Response Rate Not Met,2019-08-12,0.243,0.5949
Permit Parking,2019,Yes,39,78,In Favour,2019-08-08,0.5,0.7105
Boulevard Cafe,2019,Yes,27,70,In Favour,2019-08-15,0.3857,0.913
Front Yard Parking,2019,Yes,14,20,In Favour,2019-08-29,0.7,0.9167
Front Yard Parking,2019,Yes,16,30,In Favour,2019-08-29,0.5333,1
Boulevard Cafe,2019,Yes,36,67,Opposed,2019-08-22,0.5373,0.4375
Boulevard Cafe,2019,Yes,20,61,Opposed,2019-08-28,0.3279,0.1053
Permit Parking,2019,Yes,11,48,In Favour,2019-09-09,0.2292,0.6364
Front Yard Parking,2019,Yes,48,84,In Favour,2019-09-09,0.5714,1
Permit Parking,2019,Yes,7,22,In Favour,2019-09-19,0.3182,1
Permit Parking,2019,Yes,40,100,In Favour,2019-09-19,0.4,0.8571
Permit Parking,2019,Yes,2,2,Opposed,2019-09-23,1,NA
Permit Parking,2019,Yes,49,150,In Favour,2019-09-16,0.3267,0.6522
Permit Parking,2019,Yes,22,45,In Favour,2019-10-03,0.4889,0.619
Permit Parking,2019,Yes,13,46,In Favour,2019-10-03,0.2826,0.9167
Permit Parking,2019,Yes,27,59,In Favour,2019-09-24,0.4576,0.6296
Permit Parking,2019,No,54,281,Response Rate Not Met,2019-10-03,0.1922,0.6
Boulevard Cafe,2019,Yes,28,47,In Favour,2019-10-07,0.5957,0.9231
Boulevard Cafe,2019,Yes,33,126,Opposed,2019-09-24,0.2619,0.2759
Permit Parking,2019,No,6,41,Response Rate Not Met,2019-10-08,0.1463,1
Permit Parking,2019,Yes,84,177,Opposed,2019-10-09,0.4746,0.1486
Traffic Calming,2019,No,180,651,Response Rate Not Met,2019-11-12,0.2765,0.8224
Front Yard Parking,2019,Yes,41,127,In Favour,2019-10-28,0.3228,1
Permit Parking,2019,Yes,34,68,In Favour,2019-09-25,0.5,0.5806
Boulevard Cafe,2019,Yes,18,27,Opposed,2019-10-24,0.6667,0.3889
Front Yard Parking,2019,Yes,49,95,In Favour,2019-10-24,0.5158,1
Traffic Calming Safety Zone,2020,No,133,482,Response Rate Not Met,2020-02-10,0.2759,0.4242
Traffic Calming,2019,Yes,79,138,In Favour,2019-10-29,0.5725,0.8205
Traffic Calming,2019,No,51,235,Response Rate Not Met,2019-10-30,0.217,0.8409
Front Yard Parking,2019,Yes,61,99,In Favour,2019-10-30,0.6162,0.9474
Boulevard Cafe,2019,Yes,28,95,Opposed,2019-10-28,0.2947,0.3636
Traffic Calming,2019,No,60,141,Response Rate Not Met,2019-11-12,0.4255,0.8846
Traffic Calming,2019,Yes,44,86,Opposed,2019-10-31,0.5116,0.3529
Traffic Calming,2019,Yes,99,188,Opposed,2019-10-31,0.5266,0.6237
Traffic Calming,2019,Yes,49,76,Opposed,2019-11-12,0.6447,0.4583
Traffic Calming,2019,Yes,39,72,In Favour,2019-11-04,0.5417,0.8649
Traffic Calming,2019,Yes,90,148,Opposed,2019-10-31,0.6081,0.525
Front Yard Parking,2019,Yes,13,35,In Favour,2019-11-05,0.3714,1
Front Yard Parking,2019,Yes,63,127,In Favour,2019-11-04,0.4961,0.9636
Front Yard Parking,2019,Yes,36,62,In Favour,2019-11-13,0.5806,1
Boulevard Cafe,2019,Yes,14,60,In Favour,2019-11-06,0.2333,0.9286
Traffic Calming,2019,Yes,59,115,In Favour,2019-11-13,0.513,0.9107
Traffic Calming,2019,Yes,71,132,In Favour,2019-11-19,0.5379,0.7941
Front Yard Parking,2019,Yes,75,133,In Favour,2019-11-21,0.5639,1
Front Yard Parking,2019,Yes,26,57,In Favour,2019-11-20,0.4561,0.72
Permit Parking,2019,Yes,11,26,Opposed,2019-11-28,0.4231,0.0909
Permit Parking,2019,Yes,50,96,In Favour,2019-11-25,0.5208,0.7551
Traffic Calming,2019,No,25,74,Response Rate Not Met,2019-12-02,0.3378,1
Front Yard Parking,2019,Yes,43,106,In Favour,2019-12-05,0.4057,0.85
Front Yard Parking,2019,Yes,48,97,In Favour,2019-12-05,0.4948,0.5682
Permit Parking,2019,Yes,45,127,In Favour,2019-12-09,0.3543,0.5581
Appeal - Front Yard Parking,2020,Yes,25,51,In Favour,2020-01-06,0.4902,0.8261
Permit Parking,2019,Yes,96,150,Opposed,2019-12-11,0.64,0.4943
Front Yard Parking,2020,Yes,50,78,In Favour,2020-01-06,0.641,0.9091
Front Yard Parking,2020,Yes,42,77,In Favour,2020-01-07,0.5455,0.9762
Front Yard Parking,2020,Yes,22,85,In Favour,2020-01-09,0.2588,0.9333
Front Yard Parking,2020,Yes,16,23,Opposed,2020-01-08,0.6957,0.4375
Front Yard Parking,2020,Yes,16,23,Opposed,2020-01-09,0.6957,0.4375
Business Improvement Area,2020,Yes,83,175,In Favour,2020-01-24,0.4743,0.9146
Traffic Calming,2020,Yes,43,80,In Favour,2020-01-13,0.5375,0.8462
Front Yard Parking,2020,Yes,36,56,In Favour,2020-01-15,0.6429,0.9697
Front Yard Parking,2020,Yes,55,106,In Favour,2020-01-14,0.5189,0.9608
Permit Parking,2020,Yes,78,141,In Favour,2020-01-20,0.5532,0.5676
Traffic Calming Safety Zone,2020,Yes,19,43,In Favour,2020-02-10,0.4419,0.7059
Permit Parking,2020,Yes,14,36,Opposed,2020-01-23,0.3889,0
Front Yard Parking,2020,Yes,49,107,In Favour,2020-01-23,0.4579,0.8889
Permit Parking,2020,Yes,31,130,In Favour,2020-02-13,0.2385,0.7
Traffic Calming Safety Zone,2020,Yes,130,376,In Favour,2020-02-20,0.3457,0.708
Traffic Calming,2020,Yes,40,72,In Favour,2020-02-18,0.5556,0.8421
Front Yard Parking,2020,Yes,45,113,In Favour,2020-02-13,0.3982,0.8974
Front Yard Parking,2020,Yes,39,96,In Favour,2020-02-18,0.4062,0.8788
Front Yard Parking,2020,Yes,35,41,In Favour,2020-02-12,0.8537,0.7714
Front Yard Parking,2020,Yes,39,99,In Favour,2020-02-12,0.3939,0.9706
Permit Parking,2020,Yes,19,52,Opposed,2020-02-19,0.3654,0.1111
Permit Parking,2020,Yes,69,114,Opposed,2020-02-19,0.6053,0.5079
Front Yard Parking,2020,Yes,40,91,In Favour,2020-02-20,0.4396,0.6944
Front Yard Parking,2020,Yes,40,104,In Favour,2020-02-27,0.3846,0.6923
Front Yard Parking,2020,Yes,11,30,In Favour,2020-02-27,0.3667,1
Permit Parking Removal,2020,Yes,50,166,Opposed,2020-03-04,0.3012,0.2979
Permit Parking Removal,2020,Yes,25,72,Opposed,2020-03-02,0.3472,0.4545
Permit Parking Removal,2020,Yes,39,65,Opposed,2020-03-05,0.6,0.2895
Permit Parking Removal,2020,Yes,25,63,In Favour,2020-12-29,0.3968,0.6667
Permit Parking Removal,2020,No,11,105,Response Rate Not Met,2020-03-16,0.1048,1
Permit Parking Removal,2020,Yes,22,41,Opposed,2020-03-16,0.5366,0.3182
Front Yard Parking,2020,Yes,54,97,In Favour,2020-03-11,0.5567,0.8039
Permit Parking Removal,2020,Yes,229,539,In Favour,2020-12-16,0.4249,0.8049
Permit Parking Removal,2021,Yes,20,72,In Favour,2021-02-17,0.2778,0.9231
Permit Parking Removal,2021,Yes,8,31,In Favour,2021-02-23,0.2581,0.875
Permit Parking Removal,2021,No,52,458,Response Rate Not Met,2021-03-31,0.1135,0.6875
Permit Parking Removal,2021,Yes,92,216,In Favour,2021-03-01,0.4259,0.7471
Permit Parking Removal,2020,Yes,15,53,Opposed,2020-12-14,0.283,0.5714
Permit Parking Removal,2020,Yes,16,48,In Favour,2020-12-09,0.3333,0.6667
Permit Parking Removal,2020,Yes,84,192,Opposed,2020-12-09,0.4375,0.56
Permit Parking Removal,2020,Yes,47,105,Opposed,2020-12-23,0.4476,0.4762
Permit Parking Removal,2020,Yes,40,83,Opposed,2020-12-30,0.4819,0.5556
Permit Parking Removal,2021,Yes,23,70,In Favour,2021-02-18,0.3286,0.7273
Permit Parking Removal,2021,Yes,40,71,In Favour,2021-03-17,0.5634,0.8
Permit Parking Removal,2021,Yes,14,32,Opposed,2021-03-09,0.4375,0.3571
Permit Parking Removal,2021,Yes,17,26,Opposed,2021-03-16,0.6538,0.3529
Permit Parking Removal,2021,Yes,90,187,In Favour,2021-02-25,0.4813,0.6786
Permit Parking Removal,2021,No,9,53,Response Rate Not Met,2021-04-06,0.1698,0.8889
Permit Parking Removal,2021,Yes,24,61,In Favour,2021-02-25,0.3934,0.7143
Permit Parking Removal,2021,Yes,86,192,In Favour,2021-03-01,0.4479,0.7403
Permit Parking Removal,2021,Yes,3,5,Opposed,2021-04-06,0.6,0.6667
Permit Parking Removal,2021,Yes,85,192,In Favour,2021-03-22,0.4427,0.7051
Permit Parking,2020,No,127,577,Response Rate Not Met,2020-10-28,0.2201,0.6364
Traffic Calming,2020,No,102,220,Response Rate Not Met,2020-11-02,0.4636,0.4896
Front Yard Parking,2020,Yes,68,106,In Favour,2020-10-27,0.6415,0.9062
Front Yard Parking,2020,Yes,46,77,In Favour,2020-11-04,0.5974,0.9545
Front Yard Parking,2020,Yes,53,106,Opposed,2020-11-05,0.5,0.5192
Traffic Calming,2020,No,166,679,Response Rate Not Met,2020-11-10,0.2445,0.9434
Traffic Calming,2020,No,48,135,Response Rate Not Met,2020-11-09,0.3556,0.8696
Traffic Calming,2020,No,36,107,Response Rate Not Met,2020-11-16,0.3364,0.8571
Traffic Calming,2020,Yes,32,44,In Favour,2020-11-12,0.7273,0.9333
Traffic Calming,2020,Yes,122,186,In Favour,2020-11-17,0.6559,0.8051
Business Improvement Area,2020,No,0,999,Response Rate Not Met,2020-08-24,0,NA
Proposed Business Improvement Area,2020,No,1,245,Response Rate Not Met,2020-09-21,0.0041,1
Proposed Business Improvement Area,2020,No,0,23,Response Rate Not Met,2020-09-28,0,NA
Front Yard Parking,2020,Yes,55,104,In Favour,2020-11-23,0.5288,1
Front Yard Parking,2020,Yes,39,91,In Favour,2020-11-16,0.4286,0.9032
Permit Parking Removal,2020,Yes,98,170,Opposed,2020-11-23,0.5765,0.2609
Permit Parking Removal,2020,Yes,46,75,Opposed,2020-11-24,0.6133,0.2222
Permit Parking Removal,2020,Yes,45,65,Opposed,2020-11-25,0.6923,0.1905
Permit Parking Removal,2020,Yes,65,106,Opposed,2020-11-30,0.6132,0.1429
Permit Parking Removal,2020,Yes,18,42,Opposed,2020-12-08,0.4286,0.0588
Permit Parking,2020,Yes,8,15,In Favour,2020-11-19,0.5333,0.625
Permit Parking,2020,Yes,16,32,In Favour,2020-12-21,0.5,1
Traffic Calming,2020,No,21,61,Response Rate Not Met,2020-11-19,0.3443,0.4
Traffic Calming,2020,No,100,258,Response Rate Not Met,2020-12-08,0.3876,0.9239
Front Yard Parking,2020,Yes,65,103,In Favour,2020-11-24,0.6311,1
Front Yard Parking,2020,Yes,62,129,In Favour,2020-12-02,0.4806,0.9091
Traffic Calming,2020,Yes,52,99,Opposed,2020-12-17,0.5253,0.7073
Traffic Calming Safety Zone,2020,Yes,208,645,In Favour,2020-12-15,0.3225,0.7627
Traffic Calming,2020,No,40,83,Response Rate Not Met,2020-11-30,0.4819,0.8571
Permit Parking,2020,Yes,34,113,In Favour,2020-12-15,0.3009,0.7353
Traffic Calming,2020,No,41,179,Response Rate Not Met,2020-12-10,0.2291,0.8056
Front Yard Parking,2020,Yes,41,62,In Favour,2020-12-02,0.6613,1
Permit Parking,2020,Yes,32,45,Opposed,2020-12-22,0.7111,0.2667
Front Yard Parking,2020,Yes,70,104,In Favour,2020-12-29,0.6731,0.9844
Permit Parking,2020,Yes,35,73,In Favour,2020-12-31,0.4795,0.6129
Front Yard Parking,2020,Yes,36,50,In Favour,2020-12-30,0.72,1
Front Yard Parking,2020,Yes,65,88,In Favour,2020-12-22,0.7386,0.9677
Permit Parking,2021,Yes,3,11,Opposed,2021-02-17,0.2727,0.3333
Front Yard Parking,2021,Yes,60,96,In Favour,2021-02-24,0.625,0.8182
Front Yard Parking,2021,Yes,23,72,In Favour,2021-03-10,0.3194,0.9524
Front Yard Parking,2021,Yes,50,98,In Favour,2021-03-15,0.5102,0.881
Front Yard Parking,2021,Yes,56,193,In Favour,2021-03-18,0.2902,0.9375
Permit Parking,2021,Yes,100,301,In Favour,2021-06-17,0.3322,0.6224
Traffic Calming – Island,2021,No,75,173,Response Rate Not Met,2021-03-03,0.4335,0.5352
Traffic Calming – Island,2021,Yes,32,58,In Favour,2021-03-08,0.5517,0.7097
Front Yard Parking,2021,Yes,34,88,In Favour,2021-02-03,0.3864,1
Permit Parking Removal,2021,Yes,31,70,In Favour,2021-03-09,0.4429,0.6667
Permit Parking,2021,Yes,16,33,Opposed,2021-03-02,0.4848,0
Traffic Calming,2021,No,206,584,Response Rate Not Met,2021-03-25,0.3527,0.6596
Commercial Boulevard Parking,2021,Yes,20,50,Opposed,2021-03-30,0.4,0.375
Front Yard Parking,2021,Yes,47,109,In Favour,2021-03-30,0.43120000000000003,0.8837
Front Yard Parking,2021,Yes,22,46,In Favour,2021-04-08,0.4783,0.9545
Front Yard Parking,2021,Yes,59,97,In Favour,2021-03-23,0.6082,0.7925
Front Yard Parking,2021,Yes,33,49,In Favour,2021-04-07,0.6735,0.7931
Permit Parking,2021,Yes,132,400,In Favour,2021-06-17,0.33,0.6723
Front Yard Parking,2021,Yes,43,88,In Favour,2021-04-14,0.4886,0.8462
Front Yard Parking,2021,Yes,37,57,In Favour,2021-04-15,0.6491,1
Front Yard Parking,2021,Yes,47,102,In Favour,2021-04-13,0.4608,0.6977
Traffic Calming,2021,No,42,86,Response Rate Not Met,2021-04-12,0.4884,0.881
Front Yard Parking,2021,Yes,59,103,In Favour,2021-04-19,0.5728,0.931
Front Yard Parking,2021,Yes,28,105,In Favour,2021-04-20,0.2667,0.8182
Permit Parking,2021,Yes,80,195,Opposed,2021-06-21,0.4103,0.3571
Front Yard Parking,2021,Yes,69,155,In Favour,2021-06-22,0.4452,0.9692
Traffic Calming,2021,Yes,136,240,In Favour,2021-04-22,0.5667,0.9322
Front Yard Parking,2021,Yes,58,110,In Favour,2021-06-16,0.5273,0.9643
Front Yard Parking,2021,No,21,85,Response Rate Not Met,2021-06-28,0.2471,0.9
Front Yard Parking,2021,No,14,62,Response Rate Not Met,2021-06-23,0.2258,0.6923
Front Yard Parking,2021,Yes,41,70,In Favour,2021-07-06,0.5857,0.8974
Permit Parking,2021,Yes,31,94,Opposed,2021-07-05,0.3298,0.4194
Commercial Boulevard Parking,2021,Yes,17,37,Opposed,2021-06-24,0.4595,0.1429
Front Yard Parking,2021,No,7,45,Response Rate Not Met,2021-07-08,0.1556,0.7143
Front Yard Parking,2021,Yes,39,91,In Favour,2021-07-20,0.4286,1
Front Yard Parking,2021,Yes,36,76,In Favour,2021-07-12,0.4737,0.9688
Front Yard Parking,2021,Yes,17,18,In Favour,2021-07-12,0.9444,1
Front Yard Parking,2021,Yes,8,10,In Favour,2021-08-04,0.8,1
Proposed Business Improvement Area,2021,No,37,258,Response Rate Not Met,2021-07-05,0.1434,0.6944
Permit Parking Removal,2021,Yes,64,81,Opposed,2021-06-30,0.7901,0.3226
Front Yard Parking,2021,Yes,43,75,In Favour,2021-07-14,0.5733,0.9231
Front Yard Parking,2021,Yes,45,101,In Favour,2021-08-05,0.4455,1
Front Yard Parking,2021,Yes,9,31,In Favour,2021-07-19,0.2903,1
Front Yard Parking,2021,Yes,38,113,In Favour,2021-08-03,0.3363,1
Front Yard Parking,2021,Yes,73,108,In Favour,2021-07-22,0.6759,0.8814
Front Yard Parking,2021,Yes,62,114,In Favour,2021-08-30,0.5439,0.931
Front Yard Parking,2021,Yes,75,110,In Favour,2021-07-28,0.6818,1
Permit Parking,2021,Yes,46,120,In Favour,2021-08-12,0.3833,0.9302
Front Yard Parking,2021,Yes,9,20,In Favour,2021-07-29,0.45,1
Front Yard Parking,2021,Yes,36,68,In Favour,2021-08-12,0.5294,1
Front Yard Parking,2021,Yes,29,99,In Favour,2021-08-09,0.2929,1
Front Yard Parking,2021,Yes,15,35,In Favour,2021-08-31,0.4286,1
Front Yard Parking,2021,Yes,52,92,In Favour,2021-09-16,0.5652,0.9535
Front Yard Parking,2021,Yes,33,134,In Favour,2021-08-23,0.2463,0.7097
Front Yard Parking,2021,Yes,56,101,In Favour,2021-09-20,0.5545,0.9259
Traffic Calming,2021,No,100,256,Response Rate Not Met,2021-09-27,0.3906,0.6771
Front Yard Parking,2021,Yes,30,49,In Favour,2021-09-16,0.6122,0.9333
Front Yard Parking,2021,Yes,18,46,In Favour,2021-09-20,0.3913,1
Front Yard Parking,2021,Yes,26,61,In Favour,2021-09-21,0.4262,1
Front Yard Parking,2021,Yes,52,94,In Favour,2021-09-28,0.5532,0.9592
Front Yard Parking,2021,Yes,23,75,In Favour,2021-09-29,0.3067,0.9474
Front Yard Parking,2021,Yes,30,66,In Favour,2021-10-06,0.4545,1
Traffic Calming Safety Zone,2021,Yes,69,260,In Favour,2021-10-05,0.2654,0.7812
Traffic Calming,2021,No,135,306,Response Rate Not Met,2021-10-04,0.4412,0.536
Traffic Calming,2021,No,32,116,Response Rate Not Met,2021-10-14,0.2759,0.9655
Traffic Calming,2021,No,54,165,Response Rate Not Met,2021-10-14,0.3273,0.6444
Traffic Calming Safety Zone,2021,Yes,45,101,In Favour,2021-10-12,0.4455,0.6591
Permit Parking,2021,Yes,39,97,In Favour,2021-10-18,0.4021,0.6286
Permit Parking,2021,No,51,323,Response Rate Not Met,2021-10-28,0.1579,0.7609
Front Yard Parking,2021,Yes,69,97,In Favour,2021-10-21,0.7113,0.9844
Front Yard Parking,2021,Yes,45,79,In Favour,2021-10-20,0.5696,1
Front Yard Parking,2021,Yes,42,68,In Favour,2021-10-27,0.6176,0.9444
Front Yard Parking,2021,Yes,51,80,In Favour,2021-10-18,0.6375,0.9556
Front Yard Parking,2021,Yes,15,43,In Favour,2021-10-25,0.3488,0.8667
Permit Parking,2021,Yes,22,64,Opposed,2021-11-01,0.3438,0.1
Front Yard Parking,2021,Yes,17,45,In Favour,2021-09-27,0.3778,1
Permit Parking,2021,Yes,14,61,Opposed,2021-10-19,0.2295,0.2308
Front Yard Parking,2021,Yes,30,88,In Favour,2021-11-01,0.3409,0.8214
Front Yard Parking,2021,Yes,36,72,In Favour,2021-11-03,0.5,1
Permit Parking,2021,Yes,42,76,In Favour,2021-11-09,0.5526,0.5789
Permit Parking,2021,Yes,27,60,In Favour,2021-10-26,0.45,0.6154
Front Yard Parking,2021,Yes,41,80,In Favour,2021-11-04,0.5125,0.6923
Front Yard Parking,2021,Yes,50,136,In Favour,2021-11-16,0.3676,0.8421
Front Yard Parking,2021,Yes,28,59,In Favour,2021-11-10,0.4746,0.9615
Front Yard Parking,2021,Yes,45,88,In Favour,2021-11-15,0.5114,0.9535
Front Yard Parking,2021,Yes,38,45,In Favour,2021-11-17,0.8444,1
Traffic Calming,2021,No,38,105,Response Rate Not Met,2021-11-24,0.3619,0.9667
Front Yard Parking,2021,Yes,18,27,In Favour,2021-11-22,0.6667,1
Front Yard Parking,2021,Yes,42,75,In Favour,2021-11-23,0.56,1
Front Yard Parking,2021,Yes,21,41,In Favour,2021-11-24,0.5122,0.7143
Front Yard Parking,2021,Yes,63,107,In Favour,2021-11-30,0.5888,0.9322
Front Yard Parking,2021,Yes,38,76,In Favour,2021-12-06,0.5,1
Front Yard Parking,2021,Yes,77,90,In Favour,2021-12-07,0.8556,0.96
Front Yard Parking,2021,Yes,11,23,In Favour,2021-12-13,0.4783,1
Front Yard Parking,2021,Yes,51,95,In Favour,2021-12-15,0.5368,0.8936
Front Yard Parking,2021,Yes,34,129,In Favour,2021-12-09,0.2636,0.8667
Front Yard Parking,2021,Yes,31,81,In Favour,2021-12-16,0.3827,1
Front Yard Parking,2022,No,17,81,Response Rate Not Met,2022-01-17,0.2099,0.875
Front Yard Parking,2022,Yes,40,117,In Favour,2022-01-25,0.3419,0.8718
Front Yard Parking,2022,Yes,29,44,In Favour,2022-01-31,0.6591,0.8846
Front Yard Parking,2022,Yes,52,92,In Favour,2022-02-03,0.5652,1
Front Yard Parking,2022,Yes,53,112,In Favour,2022-01-12,0.4732,0.6939
Front Yard Parking,2022,Yes,41,52,In Favour,2022-01-17,0.7885,1
Front Yard Parking,2022,Yes,53,126,In Favour,2022-01-27,0.4206,0.9524
Commercial Boulevard Parking,2022,No,7,45,Response Rate Not Met,2022-02-07,0.1556,0.4
Permit Parking,2022,Yes,7,11,Opposed,2022-02-02,0.6364,0
Permit Parking,2022,Yes,94,151,Opposed,2022-02-10,0.6225,0.3667
Front Yard Parking,2022,Yes,36,61,In Favour,2022-02-22,0.5902,1
Traffic Calming,2022,Yes,53,75,In Favour,2022-02-23,0.7067,0.8913
Traffic Calming,2022,Yes,17,22,In Favour,2022-02-23,0.7727,1
Front Yard Parking,2022,Yes,27,64,In Favour,2022-03-08,0.4219,0.963
Permit Parking,2022,No,15,66,Response Rate Not Met,2022-03-22,0.2273,0.6667
Front Yard Parking,2022,Yes,86,133,In Favour,2022-03-03,0.6466,0.9872
Front Yard Parking,2022,Yes,10,34,In Favour,2022-03-07,0.2941,1
Front Yard Parking,2022,Yes,64,111,In Favour,2022-04-20,0.5766,0.7581
Permit Parking,2022,Yes,35,104,In Favour,2022-03-30,0.3365,0.9062
Permit Parking,2022,Yes,28,100,In Favour,2022-03-31,0.28,0.7407
Front Yard Parking,2022,Yes,72,105,In Favour,2022-04-04,0.6857,0.9697
Front Yard Parking,2022,Yes,39,82,In Favour,2022-04-11,0.4756,0.9737
Front Yard Parking,2022,Yes,38,140,In Favour,2022-04-21,0.2714,0.8611
Front Yard Parking,2022,Yes,37,57,In Favour,2022-04-13,0.6491,0.9375
Front Yard Parking,2022,Yes,50,115,In Favour,2022-04-25,0.4348,0.84
Front Yard Parking,2022,Yes,39,71,In Favour,2022-04-28,0.5493,1
Front Yard Parking,2022,Yes,24,30,In Favour,2022-05-02,0.8,0.8333
Permit Parking,2022,Yes,34,72,Opposed,2022-06-22,0.4722,0.5152
Front Yard Parking,2022,Yes,38,63,In Favour,2022-05-09,0.6032,0.7568
Front Yard Parking,2022,Yes,43,86,In Favour,2022-05-05,0.5,0.9762
Front Yard Parking,2022,Yes,23,75,In Favour,2022-05-12,0.3067,0.9565
Permit Parking,2022,Yes,48,117,In Favour,2022-05-09,0.4103,0.5778
Front Yard Parking,2022,Yes,47,98,In Favour,2022-05-16,0.4796,1
Front Yard Parking,2022,Yes,50,89,In Favour,2022-05-19,0.5618,0.7442
Front Yard Parking,2022,Yes,42,79,In Favour,2022-05-30,0.5316,1
Front Yard Parking,2022,Yes,79,124,In Favour,2022-06-01,0.6371,0.8684
Front Yard Parking,2022,Yes,31,42,In Favour,2022-06-06,0.7381,0.9643
Front Yard Parking,2022,Yes,13,21,In Favour,2022-06-07,0.619,1
Front Yard Parking,2022,Yes,38,64,In Favour,2022-05-25,0.5938,0.8438
Front Yard Parking,2022,Yes,33,52,In Favour,2022-06-09,0.6346,0.8788
Permit Parking,2022,Yes,17,63,In Favour,2022-06-14,0.2698,1
Permit Parking,2022,Yes,38,86,Opposed,2022-06-21,0.4419,0.1053
Front Yard Parking,2022,Yes,18,52,In Favour,2022-06-16,0.3462,1
Permit Parking,2022,Yes,25,72,Opposed,2022-06-21,0.3472,0.55
Front Yard Parking,2022,Yes,29,55,In Favour,2022-06-27,0.5273,1
Front Yard Parking,2022,Yes,20,92,In Favour,2022-06-28,0.2174,0.75
Front Yard Parking,2022,Yes,22,55,In Favour,2022-07-05,0.4,1
Permit Parking,2022,Yes,41,118,Opposed,2022-08-22,0.3475,0.122
Permit Parking,2022,Yes,25,72,Opposed,2022-08-22,0.3472,0.2
Permit Parking,2022,Yes,28,52,Opposed,2022-08-22,0.5385,0.1429
Traffic Calming Safety Zone,2022,Yes,65,125,In Favour,2022-07-14,0.52,0.65
Traffic Calming,2022,Yes,96,151,In Favour,2022-07-19,0.6358,0.7368
Traffic Calming,2022,Yes,24,75,Opposed,2022-07-28,0.32,0.3043
Traffic Calming,2022,No,53,156,Response Rate Not Met,2022-09-07,0.3397,0.8367
Front Yard Parking,2022,Yes,63,135,In Favour,2022-07-21,0.4667,0.9508
Traffic Calming,2022,Yes,43,112,In Favour,2022-08-04,0.3839,0.973
Front Yard Parking,2022,Yes,73,119,In Favour,2022-07-28,0.6134,1
Front Yard Parking,2022,Yes,64,89,In Favour,2022-08-04,0.7191,0.7719
Front Yard Parking,2022,No,14,73,Response Rate Not Met,2022-08-08,0.1918,1
Front Yard Parking,2022,Yes,21,40,In Favour,2022-08-18,0.525,0.9524
Permit Parking,2022,Yes,147,408,Opposed,2022-08-29,0.3603,0.2246
Traffic Calming,2022,No,30,65,Response Rate Not Met,2022-08-30,0.4615,0.9667
Traffic Calming,2022,No,105,215,Response Rate Not Met,2022-08-31,0.4884,0.4184
Front Yard Parking,2022,Yes,70,99,In Favour,2022-09-07,0.7071,0.8065
Traffic Calming,2022,Yes,19,30,In Favour,2022-09-08,0.6333,0.8889
Traffic Calming,2022,No,33,158,Response Rate Not Met,2022-09-15,0.2089,0.6364
Traffic Calming,2022,No,60,198,Response Rate Not Met,2022-09-15,0.303,0.9643
Front Yard Parking,2022,Yes,29,99,In Favour,2022-09-19,0.2929,0.9643
Front Yard Parking,2022,Yes,15,49,In Favour,2022-09-21,0.3061,0.7333
Front Yard Parking,2022,Yes,47,94,In Favour,2022-09-22,0.5,0.8537
Front Yard Parking,2022,Yes,43,50,In Favour,2022-09-26,0.86,1
Traffic Calming Safety Zone,2022,Yes,125,313,In Favour,2022-12-14,0.3994,0.7712
Front Yard Parking,2022,Yes,53,76,In Favour,2022-10-11,0.6974,0.907
Permit Parking,2022,Yes,5,10,Opposed,2022-10-11,0.5,0.6
Front Yard Parking,2022,Yes,18,26,In Favour,2022-10-17,0.6923,0.7333
Front Yard Parking,2022,Yes,30,69,In Favour,2022-10-20,0.4348,0.92
Front Yard Parking,2022,Yes,12,34,In Favour,2022-10-25,0.3529,1
Front Yard Parking,2022,Yes,59,100,In Favour,2022-10-25,0.59,0.9286
Permit Parking,2022,Yes,32,58,Opposed,2022-10-26,0.5517,0.4688
Front Yard Parking,2022,Yes,13,37,In Favour,2022-11-10,0.3514,1
Front Yard Parking,2022,Yes,44,73,In Favour,2022-11-08,0.6027,1
Front Yard Parking,2022,Yes,48,74,In Favour,2022-11-22,0.6486,1
Front Yard Parking,2022,Yes,41,82,In Favour,2022-11-29,0.5,1
Front Yard Parking,2023,Yes,28,45,In Favour,2023-01-23,0.6222,0.8261
Front Yard Parking,2023,Yes,11,19,In Favour,2023-01-26,0.5789,0.8889
Traffic Calming Safety Zone,2023,Yes,121,227,In Favour,2023-02-01,0.533,0.7679
Traffic Calming,2023,No,102,242,Response Rate Not Met,2023-02-09,0.4215,0.5957
Front Yard Parking,2023,Yes,29,79,Opposed,2023-01-25,0.3671,0.4074
Front Yard Parking,2023,Yes,39,82,In Favour,2023-02-01,0.4756,1
Front Yard Parking,2023,Yes,60,87,In Favour,2023-02-02,0.6897,0.9825
Front Yard Parking,2023,Yes,81,115,In Favour,2023-02-07,0.7043,1
Front Yard Parking,2023,Yes,28,70,In Favour,2023-02-06,0.4,1
Front Yard Parking,2023,Yes,21,52,In Favour,2023-02-09,0.4038,0.75
Front Yard Parking,2023,Yes,22,39,In Favour,2023-02-13,0.5641,1
Front Yard Parking,2023,Yes,25,45,In Favour,2023-02-14,0.5556,1
Traffic Calming,2022,Yes,38,74,In Favour,2022-11-21,0.5135,0.7838
Permit Parking,2023,Yes,29,73,In Favour,2023-02-06,0.3973,0.7143
Front Yard Parking,2023,Yes,22,75,In Favour,2023-02-16,0.2933,1
Front Yard Parking,2023,Yes,25,97,In Favour,2023-02-27,0.2577,0.9583
Front Yard Parking,2023,Yes,50,107,In Favour,2023-02-27,0.4673,0.925
Traffic Calming,2023,No,28,63,Response Rate Not Met,2023-01-19,0.4444,0.8571
Traffic Calming,2023,No,74,225,Response Rate Not Met,2023-01-17,0.3289,0.7887
Front Yard Parking,2023,Yes,8,21,In Favour,2023-02-28,0.381,1
Front Yard Parking,2023,Yes,32,95,In Favour,2023-02-28,0.3368,1
Front Yard Parking,2023,Yes,29,32,In Favour,2023-03-01,0.9062,0.7391
Front Yard Parking,2023,Yes,68,119,In Favour,2023-03-02,0.5714,0.9672
Front Yard Parking,2023,Yes,43,65,In Favour,2023-03-06,0.6615,0.7317
Front Yard Parking,2023,Yes,34,76,In Favour,2023-03-06,0.4474,1
Front Yard Parking,2023,Yes,71,161,In Favour,2023-03-07,0.441,0.5781
Front Yard Parking,2023,Yes,42,85,In Favour,2023-03-07,0.4941,0.7857
Front Yard Parking,2023,Yes,35,80,In Favour,2023-03-13,0.4375,1
Front Yard Parking,2023,Yes,37,90,In Favour,2023-03-14,0.4111,0.8929
Front Yard Parking,2023,Yes,52,98,In Favour,2023-03-15,0.5306,0.9348
Front Yard Parking,2023,Yes,24,42,In Favour,2023-03-16,0.5714,1
Front Yard Parking,2023,Yes,21,25,In Favour,2023-03-16,0.84,1
Front Yard Parking,2023,Yes,66,107,In Favour,2023-03-20,0.6168,1
Front Yard Parking,2023,Yes,37,94,In Favour,2023-03-21,0.3936,0.8182
Front Yard Parking,2023,Yes,60,103,In Favour,2023-03-21,0.5825,0.9273
Front Yard Parking,2023,Yes,31,51,In Favour,2023-03-22,0.6078,1
Front Yard Parking,2023,Yes,40,68,In Favour,2023-03-22,0.5882,1
Front Yard Parking,2023,Yes,33,110,In Favour,2023-03-27,0.3,0.9259
Traffic Calming,2023,Yes,37,68,In Favour,2023-04-05,0.5441,0.8889
Traffic Calming,2023,Yes,44,70,Opposed,2023-04-12,0.6286,0.475
Traffic Calming,2023,No,111,261,Response Rate Not Met,2023-04-11,0.4253,0.6667
Front Yard Parking,2023,Yes,30,64,In Favour,2023-03-29,0.4688,0.6786
Front Yard Parking,2023,Yes,61,118,In Favour,2023-04-11,0.5169,0.9811
Front Yard Parking,2023,Yes,30,133,In Favour,2023-04-17,0.2256,0.963
Front Yard Parking,2023,Yes,37,62,In Favour,2023-04-06,0.5968,0.9143
Traffic Calming,2023,No,92,228,Response Rate Not Met,2023-04-25,0.4035,0.3375
Front Yard Parking,2023,Yes,26,55,In Favour,2023-04-13,0.4727,0.9615
Front Yard Parking,2023,No,6,65,Response Rate Not Met,2023-04-12,0.0923,0.6667
Front Yard Parking,2023,Yes,42,107,In Favour,2023-04-13,0.3925,0.7568
Permit Parking,2023,Yes,25,78,In Favour,2023-05-01,0.3205,0.8261
Front Yard Parking,2023,Yes,35,88,In Favour,2023-04-19,0.3977,0.9706
Front Yard Parking,2023,Yes,27,51,In Favour,2023-04-20,0.5294,0.9167
Permit Parking,2023,Yes,41,153,Opposed,2023-04-25,0.268,0.5938
Front Yard Parking,2023,Yes,51,113,In Favour,2023-05-01,0.4513,1
Front Yard Parking,2023,Yes,34,62,In Favour,2023-05-04,0.5484,1
Traffic Calming,2023,Yes,68,124,In Favour,2023-05-10,0.5484,0.7794
Traffic Calming,2023,No,25,102,Response Rate Not Met,2023-05-17,0.2451,0.5714
Traffic Calming,2023,No,42,151,Response Rate Not Met,2023-05-16,0.2781,0.881
Front Yard Parking,2023,Yes,29,32,In Favour,2023-05-17,0.9062,0.5862
Front Yard Parking,2023,Yes,86,139,In Favour,2023-05-31,0.6187,1
Front Yard Parking,2023,Yes,43,102,In Favour,2023-06-12,0.4216,0.9024
Permit Parking,2023,Yes,66,117,In Favour,2023-08-10,0.5641,0.7576
Front Yard Parking,2023,Yes,24,69,In Favour,2023-06-15,0.3478,1
Front Yard Parking,2023,Yes,34,88,In Favour,2023-06-19,0.3864,0.7931
Front Yard Parking,2023,Yes,24,41,In Favour,2023-06-26,0.5854,1
Front Yard Parking,2023,Yes,16,61,In Favour,2023-06-29,0.2623,1
Front Yard Parking,2023,Yes,17,36,In Favour,2023-07-10,0.4722,1
Front Yard Parking,2023,Yes,67,118,In Favour,2023-07-19,0.5678,0.9677
Front Yard Parking,2023,Yes,39,64,In Favour,2023-07-20,0.6094,0.8889
Front Yard Parking,2023,Yes,21,50,In Favour,2023-07-27,0.42,0.95
Front Yard Parking,2023,Yes,31,72,In Favour,2023-08-03,0.4306,0.8667
Front Yard Parking,2023,Yes,39,119,In Favour,2023-08-03,0.3277,0.7059
Front Yard Parking,2023,Yes,32,41,In Favour,2023-08-10,0.7805,0.9688
Front Yard Parking,2023,Yes,68,107,Opposed,2023-07-27,0.6355,0.5763
Front Yard Parking,2023,Yes,37,82,In Favour,2023-08-22,0.4512,1
Front Yard Parking,2023,Yes,26,61,In Favour,2023-08-24,0.4262,1
Front Yard Parking,2023,Yes,34,40,In Favour,2023-08-30,0.85,1
Front Yard Parking,2023,Yes,10,29,In Favour,2023-09-19,0.3448,1
Front Yard Parking,2023,Yes,31,60,In Favour,2023-09-27,0.5167,0.8387
Front Yard Parking,2023,No,28,139,Response Rate Not Met,2023-09-28,0.2014,0.9286
Permit Parking,2023,No,13,58,Response Rate Not Met,2023-10-02,0.2241,0.5385
Front Yard Parking,2023,Yes,30,59,In Favour,2023-10-11,0.5085,0.931
Front Yard Parking,2023,Yes,39,80,In Favour,2023-10-31,0.4875,0.9375
Front Yard Parking,2023,Yes,32,63,Opposed,2023-10-19,0.5079,0.0345
Front Yard Parking,2023,Yes,29,43,In Favour,2023-10-19,0.6744,1
Front Yard Parking,2023,Yes,20,41,In Favour,2023-10-23,0.4878,1
Front Yard Parking,2023,Yes,20,48,In Favour,2023-10-23,0.4167,0.8947
Front Yard Parking,2023,Yes,43,87,In Favour,2023-11-07,0.4943,1
Front Yard Parking,2023,Yes,28,46,In Favour,2023-11-06,0.6087,1
Permit Parking,2023,Yes,82,167,Opposed,2023-10-24,0.491,0.4875
Permit Parking,2023,Yes,60,100,In Favour,2023-11-06,0.6,0.8431
Permit Parking,2023,Yes,62,209,Opposed,2023-11-13,0.2967,0.4107
Front Yard Parking,2023,Yes,53,136,In Favour,2023-11-20,0.3897,0.9796
Front Yard Parking,2023,Yes,44,72,In Favour,2023-11-16,0.6111,1
Traffic Calming,2023,Yes,39,70,In Favour,2023-11-21,0.5571,0.9688
Traffic Calming,2023,No,17,64,Response Rate Not Met,2023-11-20,0.2656,0.4118
Front Yard Parking,2023,Yes,40,51,In Favour,2023-11-29,0.7843,0.9487
Front Yard Parking,2023,Yes,3,7,In Favour,2023-12-07,0.4286,1
